Location,Year,ChlorophyllPercentage_100m,ChlorophyllPercentage_1000m
ESG_135940,2023,0.0,0.05
ESG_135942,2023,0.5,2.48
ESG_135945,2023,0.0,0.49
ESG_135947,2023,3.17,0.27
ESG_135953,2023,2.12,3.48
ESG_135963,2023,5.08,9.78
ESG_135965,2023,6.39,10.64
ESG_135967,2023,10.13,6.84
ESG_135972,2023,3.71,1.08
ESG_135977,2023,2.02,0.94
ESG_136523,2023,0.0,1.2
ESG_136528,2023,0.0,0.52
ESG_136532,2023,0.0,6.81
ESG_136537,2023,4.7,1.09
ESG_136540,2023,14.93,7.98
ESG_136543,2023,0.09,0.15
ESG_136547,2023,4.87,1.28
ESG_136549,2023,0.0,0.24
ESG_136552,2023,0.53,0.1
ESG_136554,2023,0.81,0.42
ESG_136963,2023,0.0,0.19
ESG_136967,2023,0.0,0.04
ESG_136969,2023,2.39,0.11
ESG_136972,2023,0.98,1.33
ESG_136977,2023,0.0,0.15
ESG_136980,2023,2.03,0.32
ESG_136983,2023,4.47,0.33
ESG_136984,2023,4.05,0.88
ESG_136994,2023,7.91,1.92
ESG_137003,2023,0.0,1.3
ESG_137621,2023,0.0,0.03
ESG_137625,2023,0.43,0.08
ESG_137640,2023,0.71,0.39
ESG_137643,2023,0.0,1.66
ESG_137652,2023,1.65,0.53
ESG_137656,2023,0.0,0.75
ESG_137658,2023,0.54,0.98
ESG_137660,2023,0.86,3.91
ESG_137663,2023,2.31,1.01
ESG_137681,2023,0.0,0.43
ESG_137683,2023,0.0,0.13
ESG_137688,2023,0.0,2.69
ESG_137689,2023,1.35,0.3
ESG_137691,2023,0.0,0.09
ESG_137694,2023,0.0,1.12
ESG_137695,2023,9.39,1.62
ESG_137697,2023,0.0,0.3
ESG_137699,2023,0.0,0.2
ESG_137702,2023,1.49,1.0
ESG_137704,2023,0.0,0.59
ESG_138591,2023,7.68,3.06
ESG_138592,2023,0.56,0.43
ESG_138593,2023,3.8,2.02
ESG_138595,2023,0.0,0.27
ESG_138596,2023,0.0,9.66
ESG_138597,2023,0.25,0.03
ESG_138598,2023,3.56,0.27
ESG_138599,2023,0.0,0.26
ESG_138600,2023,3.21,0.27
ESG_138601,2023,0.14,1.49
ESG_138625,2023,0.9,2.1
ESG_138712,2023,0.0,0.14
ESG_138719,2023,0.0,0.28
ESG_138726,2023,0.69,0.67
ESG_138729,2023,0.0,0.01
ESG_138730,2023,0.0,2.22
ESG_138735,2023,0.08,0.08
ESG_138736,2023,0.0,0.02
ESG_138741,2023,0.1,1.44
ESG_138745,2023,0.08,0.68
ESG_138747,2023,1.73,0.31
ESG_139073,2023,8.81,4.56
ESG_139086,2023,0.0,0.61
ESG_139088,2023,0.72,0.7
ESG_139094,2023,0.0,2.35
ESG_139097,2023,0.0,0.0
ESG_139152,2023,0.0,0.1
ESG_139154,2023,0.44,0.34
ESG_139155,2023,0.0,0.28
ESG_139157,2023,0.0,0.26
ESG_139172,2023,0.0,0.3
ESG_139176,2023,0.15,0.32
ESG_139177,2023,4.89,1.08
ESG_139180,2023,13.43,3.95
ESG_139184,2023,0.0,0.5
ESG_139185,2023,0.48,0.25
ESG_139186,2023,0.42,0.35
ESG_139189,2023,4.43,15.1
ESG_139190,2023,0.7,3.3
ESG_139192,2023,0.0,0.19
ESG_139198,2023,0.0,0.19
ESG_147837,2023,0.0,0.15
ESG_148715,2023,0.0,0.12
ESG_148718,2023,0.0,0.26
ESG_148724,2023,0.0,21.69
ESG_148730,2023,0.0,0.32
ESG_148733,2023,7.89,27.57
ESG_148739,2023,3.35,0.45
ESG_148742,2023,0.0,0.58
ESG_148748,2023,0.1,3.06
ESG_148755,2023,0.14,0.07
ESG_149165,2023,1.54,4.66
ESG_149174,2023,28.05,47.07
ESG_151858,2023,0.26,0.96
ESG_151865,2023,0.21,0.02
ESG_151869,2023,0.58,0.1
ESG_151875,2023,0.37,0.86
ESG_151880,2023,1.69,0.07
ESG_151882,2023,0.0,7.78
ESG_151890,2023,5.63,3.63
ESG_151895,2023,0.0,0.62
ESG_151900,2023,0.0,0.76
ESG_151916,2023,6.03,6.14
ESG_151924,2023,23.85,8.01
ESG_151974,2023,11.92,4.61
ESG_151979,2023,21.3,4.97
ESG_151982,2023,6.6,6.46
ESG_151991,2023,5.58,6.39
ESG_151996,2023,0.87,0.34
ESG_151999,2023,7.11,3.54
ESG_152006,2023,8.36,4.92
ESG_152008,2023,3.72,23.4
ESG_152023,2023,0.57,2.51
ESG_152025,2023,22.06,12.64
ESG_152030,2023,1.36,5.15
ESG_152046,2023,6.84,2.67
ESG_152049,2023,5.13,1.18
ESG_152064,2023,0.9,0.31
ESG_152065,2023,0.0,0.19
ESG_152068,2023,2.77,4.72
ESG_152074,2023,0.0,26.44
ESG_152081,2023,0.0,2.45
ESG_152085,2023,0.0,1.62
ESG_152094,2023,0.29,2.06
ESG_152104,2023,0.21,0.05
ESG_152107,2023,0.0,0.21
ESG_152120,2023,0.0,0.59
ESG_152152,2023,0.75,3.36
ESG_152168,2023,1.11,0.38
ESG_152182,2023,0.0,1.22
ESG_152188,2023,2.22,2.19
ESG_152195,2023,4.88,3.61
ESG_152208,2023,0.0,0.69
ESG_152219,2023,,
ESG_152225,2023,1.83,0.32
ESG_152228,2023,0.0,0.25
ESG_152237,2023,,
ESG_152241,2023,0.0,0.18
ESG_152243,2023,0.0,1.19
ESG_152449,2023,0.0,0.05
ESG_152457,2023,0.45,0.49
ESG_152466,2023,0.83,1.41
ESG_152474,2023,0.0,0.1
ESG_152478,2023,0.0,0.07
ESG_152481,2023,0.0,0.0
ESG_152490,2023,0.4,0.35
ESG_152492,2023,2.66,12.26
ESG_152498,2023,1.26,0.76
ESG_152510,2023,0.56,0.75
ESG_152512,2023,0.0,8.34
ESG_152514,2023,0.36,0.35
ESG_152518,2023,1.36,4.48
ESG_152527,2023,1.13,0.95
ESG_152552,2023,0.0,0.06
ESG_152559,2023,0.0,0.01
ESG_152563,2023,0.0,5.35
ESG_152565,2023,2.61,7.93
ESG_152569,2023,0.0,1.19
ESG_152573,2023,0.0,0.39
ESG_152576,2023,0.0,0.43
ESG_152580,2023,0.44,41.0
ESG_152582,2023,0.0,0.02
ESG_152588,2023,0.33,0.74
ESG_152599,2023,2.43,0.72
ESG_152622,2023,0.0,1.06
ESG_152627,2023,0.0,5.6
ESG_152633,2023,1.7,0.23
ESG_152636,2023,0.16,0.04
ESG_152642,2023,0.0,0.17
ESG_152649,2023,0.0,0.04
ESG_152653,2023,0.85,1.44
ESG_152657,2023,4.17,20.0
ESG_152669,2023,10.45,2.1
ESG_152672,2023,0.58,0.82
ESG_152678,2023,4.62,3.79
ESG_152686,2023,0.0,1.11
ESG_152706,2023,0.0,8.94
ESG_152720,2023,0.0,0.73
ESG_152726,2023,1.14,5.22
ESG_152736,2023,9.3,4.38
ESG_152741,2023,0.0,23.42
ESG_152744,2023,,
ESG_152750,2023,11.55,0.86
ESG_152752,2023,1.39,2.42
ESG_152754,2023,1.08,0.56
ESG_152758,2023,0.0,0.11
ESG_152760,2023,5.04,1.57
ESG_152765,2023,4.62,35.49
ESG_152770,2023,0.0,8.62
ESG_152771,2023,0.95,0.1
ESG_152774,2023,1.21,0.53
ESG_152784,2023,0.51,0.31
ESG_152794,2023,0.0,0.21
ESG_152801,2023,0.0,0.01
ESG_152806,2023,1.94,0.13
ESG_152807,2023,0.68,0.54
ESG_152809,2023,0.0,0.0
ESG_152816,2023,2.42,22.58
ESG_152835,2023,0.0,0.84
ESG_152837,2023,0.0,1.34
ESG_152840,2023,,
ESG_152890,2023,0.0,0.41
ESG_152904,2023,0.0,0.59
ESG_152908,2023,0.0,0.4
ESG_152920,2023,0.0,9.99
ESG_152928,2023,2.1,0.07
ESG_152931,2023,3.37,0.46
ESG_152938,2023,0.63,0.07
ESG_152941,2023,0.0,32.33
ESG_152947,2023,4.63,21.76
ESG_152952,2023,0.97,1.15
ESG_152964,2023,0.0,2.79
ESG_152973,2023,0.0,0.28
ESG_152979,2023,0.62,39.51
ESG_152984,2023,0.82,9.03
ESG_153014,2023,0.0,0.25
ESG_153018,2023,0.0,0.37
ESG_153022,2023,0.0,0.28
ESG_153024,2023,0.0,1.77
ESG_153025,2023,0.0,0.0
ESG_153033,2023,1.8,1.84
ESG_153039,2023,1.4,0.49
ESG_153045,2023,0.0,3.17
ESG_153049,2023,1.59,1.44
ESG_153051,2023,0.0,0.1
ESG_153075,2023,2.22,1.32
ESG_153084,2023,6.34,0.67
ESG_153089,2023,2.23,19.01
ESG_153092,2023,0.54,14.98
ESG_153096,2023,1.5,0.24
ESG_153097,2023,5.18,1.54
ESG_153101,2023,0.0,0.21
ESG_153103,2023,9.42,1.24
ESG_153104,2023,0.0,0.24
ESG_153107,2023,0.0,1.28
ESG_153108,2023,0.0,0.02
ESG_153110,2023,0.0,0.28
ESG_153116,2023,0.0,0.35
ESG_153117,2023,6.1,0.57
ESG_153173,2023,6.32,2.55
ESG_153175,2023,5.61,3.56
ESG_153176,2023,0.16,0.6
ESG_153221,2023,0.0,0.1
ESG_153224,2023,3.38,0.53
ESG_153227,2023,0.0,3.44
ESG_153236,2023,0.0,0.42
ESG_153239,2023,0.0,0.33
ESG_153242,2023,1.78,0.27
ESG_153245,2023,10.22,2.53
ESG_153249,2023,0.45,0.3
ESG_153250,2023,0.0,0.6
ESG_153256,2023,0.0,0.15
ESG_153257,2023,0.29,0.46
ESG_153261,2023,1.06,0.54
ESG_153262,2023,0.41,15.42
ESG_153263,2023,3.16,2.16
ESG_153265,2023,0.0,0.03
ESG_153270,2023,0.28,0.04
ESG_153274,2023,0.01,0.05
ESG_153280,2023,0.54,0.52
ESG_153282,2023,0.16,0.34
ESG_153289,2023,0.0,0.14
ESG_153292,2023,1.3,0.09
ESG_153303,2023,0.41,0.34
ESG_153305,2023,0.73,0.02
ESG_153307,2023,0.64,0.12
ESG_153308,2023,9.4,7.6
ESG_153311,2023,0.0,0.19
ESG_153313,2023,0.85,0.59
ESG_153315,2023,0.0,3.41
ESG_153334,2023,0.66,0.4
ESG_153335,2023,0.76,0.05
ESG_153341,2023,0.0,0.27
ESG_153343,2023,2.31,0.33
ESG_153346,2023,0.0,0.09
ESG_153353,2023,0.0,3.56
ESG_153362,2023,0.66,0.09
ESG_153365,2023,0.91,0.72
ESG_153379,2023,0.23,0.35
ESG_153383,2023,0.0,0.01
ESG_153392,2023,0.0,0.75
ESG_153398,2023,2.31,0.36
ESG_153402,2023,0.0,0.18
ESG_153407,2023,5.11,0.77
ESG_153413,2023,0.0,1.34
ESG_153416,2023,0.0,11.02
ESG_153429,2023,0.0,0.51
ESG_153431,2023,4.05,2.23
ESG_153433,2023,0.0,0.28
ESG_153434,2023,0.0,0.49
ESG_153441,2023,0.0,0.29
ESG_153442,2023,4.76,1.99
ESG_153443,2023,0.0,0.07
ESG_153444,2023,0.0,0.55
ESG_153445,2023,0.43,0.12
ESG_153446,2023,0.25,0.03
ESG_153447,2023,0.33,0.04
ESG_153448,2023,1.57,0.27
ESG_153449,2023,0.0,0.11
ESG_153450,2023,0.0,0.05
ESG_153451,2023,0.0,0.04
ESG_153452,2023,0.19,0.15
ESG_153453,2023,0.22,0.12
ESG_153454,2023,0.0,0.08
ESG_153455,2023,0.0,0.07
ESG_153456,2023,2.81,6.83
ESG_153463,2023,0.26,0.21
ESG_153464,2023,1.3,1.27
ESG_153465,2023,0.0,0.01
ESG_153466,2023,0.0,0.06
ESG_153467,2023,0.58,1.28
ESG_153483,2023,0.56,0.11
ESG_153492,2023,2.49,0.13
ESG_153496,2023,0.55,0.25
ESG_153497,2023,0.0,0.93
ESG_153500,2023,1.13,2.51
ESG_153502,2023,9.6,7.74
ESG_153506,2023,0.36,0.22
ESG_153509,2023,0.0,4.91
ESG_153512,2023,1.25,5.15
ESG_153516,2023,0.0,6.72
ESG_153579,2023,0.53,0.3
ESG_153581,2023,0.15,0.08
ESG_153581,2023,0.15,0.08
ESG_153585,2023,11.73,5.95
ESG_153587,2023,0.5,0.09
ESG_153588,2023,0.0,0.03
ESG_153591,2023,0.11,0.28
ESG_153596,2023,0.0,0.19
ESG_153605,2023,20.07,37.54
ESG_153609,2023,0.91,0.07
ESG_153679,2023,0.0,1.8
ESG_153680,2023,0.0,33.91
ESG_153707,2023,0.0,0.55
ESG_153709,2023,0.65,0.15
ESG_153712,2023,2.4,0.1
ESG_153722,2023,0.0,0.62
ESG_153723,2023,0.0,1.03
ESG_153725,2023,0.0,0.01
ESG_153727,2023,0.0,0.0
ESG_153728,2023,0.0,3.51
ESG_153729,2023,1.15,2.96
ESG_153730,2023,0.0,0.01
ESG_153732,2023,0.0,0.34
ESG_153736,2023,2.46,4.11
ESG_153738,2023,,
ESG_153739,2023,,
ESG_153740,2023,18.55,4.18
ESG_153741,2023,8.63,3.51
ESG_153742,2023,23.11,3.41
ESG_153743,2023,12.22,3.92
ESG_153750,2023,25.38,3.52
ESG_153755,2023,3.65,3.09
ESG_153756,2023,17.86,2.61
ESG_153759,2023,17.61,10.25
ESG_153766,2023,0.24,1.07
ESG_153768,2023,8.43,13.72
ESG_153772,2023,0.29,0.47
ESG_153774,2023,0.0,0.07
ESG_153777,2023,0.0,0.51
ESG_153796,2023,0.0,0.01
ESG_153802,2023,0.0,0.01
ESG_153806,2023,0.0,0.95
ESG_153811,2023,1.26,0.16
ESG_153812,2023,0.0,4.98
ESG_153814,2023,0.22,0.21
ESG_153816,2023,0.0,0.01
ESG_153822,2023,0.16,0.09
ESG_153827,2023,0.0,0.29
ESG_153829,2023,,
ESG_153841,2023,,
ESG_153844,2023,,
ESG_153850,2023,,
ESG_153855,2023,0.92,0.74
ESG_153859,2023,7.59,3.96
ESG_153868,2023,0.34,0.95
ESG_153882,2023,6.76,7.27
ESG_153886,2023,0.0,2.59
ESG_153890,2023,0.0,7.34
ESG_153893,2023,0.0,0.28
ESG_153899,2023,0.0,0.04
ESG_153904,2023,46.38,23.27
ESG_153910,2023,0.72,0.7
ESG_153911,2023,2.68,2.01
ESG_153913,2023,4.21,0.69
ESG_153915,2023,16.21,1.0
ESG_153925,2023,0.42,1.87
ESG_153940,2023,2.45,2.85
ESG_153941,2023,1.81,0.18
ESG_153944,2023,0.03,0.14
ESG_153948,2023,0.0,0.05
ESG_153951,2023,0.78,3.62
ESG_153952,2023,2.99,3.52
ESG_153957,2023,0.79,0.27
ESG_153959,2023,0.5,0.12
ESG_153961,2023,1.67,0.18
ESG_153962,2023,4.46,1.02
ESG_153964,2023,0.0,0.01
ESG_153967,2023,1.5,0.21
ESG_153968,2023,0.84,1.23
ESG_153970,2023,0.0,1.42
ESG_153971,2023,0.0,0.44
ESG_153974,2023,0.76,0.06
ESG_153976,2023,0.0,0.41
ESG_153978,2023,0.22,6.57
ESG_153981,2023,0.0,0.39
ESG_153983,2023,1.39,4.43
ESG_154000,2023,0.0,0.4
ESG_154002,2023,0.0,0.15
ESG_154004,2023,0.0,0.25
ESG_154006,2023,0.69,0.07
ESG_154007,2023,0.0,0.18
ESG_154011,2023,0.0,1.54
ESG_154012,2023,1.59,1.58
ESG_154014,2023,0.66,0.02
ESG_154016,2023,1.17,1.62
ESG_154018,2023,3.74,0.61
ESG_154021,2023,0.0,2.24
ESG_154025,2023,0.0,2.96
ESG_154026,2023,0.11,0.48
ESG_154028,2023,0.24,15.77
ESG_154029,2023,0.21,0.45
ESG_154031,2023,0.0,0.22
ESG_154033,2023,0.79,0.43
ESG_154035,2023,1.02,0.8
ESG_154037,2023,2.82,2.07
ESG_154039,2023,14.38,12.37
ESG_154042,2023,0.0,1.09
ESG_154047,2023,5.44,1.85
ESG_154050,2023,0.0,0.21
ESG_154062,2023,3.56,1.48
ESG_154064,2023,0.27,0.17
ESG_154065,2023,0.33,0.52
ESG_154067,2023,3.45,0.92
ESG_154068,2023,6.36,3.41
ESG_154070,2023,0.0,0.03
ESG_154078,2023,1.17,0.58
ESG_154084,2023,0.0,2.07
ESG_154086,2023,0.0,0.06
ESG_154087,2023,8.04,1.74
ESG_154094,2023,1.15,0.62
ESG_154098,2023,0.68,0.96
ESG_154101,2023,0.0,1.13
ESG_154103,2023,1.48,0.54
ESG_154106,2023,0.24,1.72
ESG_154107,2023,0.0,0.76
ESG_154110,2023,0.0,0.0
ESG_154140,2023,4.31,1.7
ESG_154145,2023,0.0,0.11
ESG_154148,2023,6.46,1.67
ESG_154153,2023,0.0,0.48
ESG_154154,2023,0.09,0.07
ESG_154160,2023,0.0,2.97
ESG_154162,2023,5.98,1.83
ESG_154164,2023,0.39,0.63
ESG_154165,2023,0.0,14.46
ESG_154168,2023,0.0,18.02
ESG_154169,2023,0.0,0.01
ESG_154173,2023,0.0,0.05
ESG_154174,2023,0.0,13.17
ESG_154182,2023,0.91,0.67
ESG_154182,2023,0.91,0.67
ESG_154184,2023,0.53,0.11
ESG_154184,2023,0.53,0.11
ESG_154194,2023,15.3,5.78
ESG_154194,2023,15.3,5.78
ESG_154206,2023,0.26,0.18
ESG_154206,2023,0.26,0.18
ESG_154212,2023,0.06,0.12
ESG_154212,2023,0.06,0.12
ESG_154215,2023,0.1,0.16
ESG_154215,2023,0.1,0.16
ESG_154219,2023,0.0,0.0
ESG_154219,2023,0.0,0.0
ESG_154224,2023,0.0,0.58
ESG_154226,2023,3.83,1.65
ESG_154232,2023,0.0,0.09
ESG_154238,2023,0.0,0.17
ESG_154241,2023,2.47,1.28
ESG_160260,2023,10.32,3.2
ESG_160262,2023,0.0,0.16
ESG_160270,2023,0.32,0.35
ESG_160273,2023,1.28,1.75
ESG_160288,2023,0.0,3.19
ESG_160290,2023,0.0,1.02
ESG_160293,2023,1.47,0.29
ESG_160298,2023,0.0,0.0
ESG_160302,2023,5.62,1.69
ESG_160312,2023,0.31,2.14
ESG_160319,2023,,
ESG_160320,2023,2.53,0.97
ESG_160323,2023,0.64,38.55
ESG_160325,2023,0.0,11.51
ESG_160327,2023,0.33,0.44
ESG_160369,2023,0.0,0.01
ESG_160374,2023,0.0,0.0
ESG_160385,2023,2.33,7.33
ESG_160396,2023,10.88,2.04
ESG_160407,2023,3.4,8.68
ESG_160409,2023,12.8,1.35
ESG_160415,2023,2.84,0.65
ESG_160421,2023,0.1,0.36
ESG_160426,2023,0.73,1.22
ESG_160431,2023,23.18,17.84
ESG_160435,2023,0.0,0.14
ESG_160442,2023,0.09,21.85
ESG_160446,2023,0.16,0.48
ESG_160459,2023,3.11,3.77
ESG_160462,2023,1.88,3.7
ESG_160473,2023,,
ESG_160475,2023,6.75,0.58
ESG_160476,2023,0.22,0.04
ESG_160500,2023,6.38,2.83
ESG_160505,2023,0.39,6.42
ESG_160509,2023,0.13,1.77
ESG_160513,2023,0.21,0.13
ESG_160516,2023,12.3,11.94
ESG_160519,2023,0.09,0.43
ESG_160524,2023,0.0,0.0
ESG_160533,2023,0.7,7.52
ESG_160538,2023,0.0,0.63
ESG_160544,2023,11.17,5.64
ESG_160549,2023,0.0,0.08
ESG_160556,2023,0.0,0.13
ESG_160559,2023,0.12,0.49
ESG_160562,2023,8.18,31.84
ESG_160565,2023,5.17,1.11
ESG_160571,2023,2.54,13.47
ESG_160576,2023,0.87,0.07
ESG_160581,2023,0.36,0.04
ESG_160591,2023,0.0,0.0
ESG_160596,2023,0.0,0.19
ESG_160606,2023,0.0,0.0
ESG_160611,2023,3.51,1.35
ESG_160615,2023,2.44,0.35
ESG_160624,2023,7.87,1.07
ESG_160632,2023,4.15,0.61
ESG_160634,2023,17.04,35.75
ESG_160638,2023,0.0,2.47
ESG_160640,2023,,
ESG_160657,2023,7.52,0.48
ESG_160658,2023,7.14,6.02
ESG_160662,2023,24.9,2.84
ESG_160666,2023,19.75,5.33
ESG_160670,2023,18.96,32.88
ESG_160677,2023,7.51,3.71
ESG_160682,2023,9.96,1.28
ESG_160684,2023,0.0,0.49
ESG_160685,2023,2.71,1.29
ESG_160688,2023,0.91,0.17
ESG_160691,2023,0.11,1.23
ESG_160693,2023,13.37,2.28
ESG_160701,2023,1.86,1.09
ESG_160703,2023,3.27,4.73
ESG_160706,2023,3.17,0.74
ESG_160707,2023,10.13,1.67
ESG_160709,2023,0.6,1.52
ESG_160715,2023,0.0,0.03
ESG_160719,2023,0.18,0.05
ESG_160720,2023,0.0,0.05
ESG_160722,2023,32.4,46.1
ESG_160729,2023,0.0,0.22
ESG_160730,2023,0.0,0.11
ESG_160731,2023,0.0,0.0
ESG_160732,2023,2.94,0.3
ESG_160735,2023,0.05,0.04
ESG_160736,2023,0.68,0.45
ESG_160739,2023,7.82,0.44
ESG_160741,2023,11.78,5.3
ESG_160743,2023,0.24,0.6
ESG_160744,2023,0.0,0.07
ESG_160745,2023,0.0,0.0
ESG_160747,2023,6.69,0.73
ESG_160749,2023,0.3,0.01
ESG_160763,2023,3.98,8.97
ESG_160767,2023,0.0,0.01
ESG_160770,2023,12.09,1.19
ESG_160774,2023,0.65,0.86
ESG_160778,2023,0.0,0.06
ESG_160779,2023,0.0,0.45
ESG_160796,2023,28.49,3.27
ESG_160799,2023,5.52,2.63
ESG_160802,2023,0.3,0.52
ESG_160805,2023,0.57,0.12
ESG_160807,2023,0.17,1.11
ESG_160809,2023,0.0,0.28
ESG_160811,2023,0.0,0.3
ESG_160813,2023,1.7,2.59
ESG_160815,2023,1.25,1.36
ESG_160822,2023,0.0,1.55
ESG_160825,2023,0.63,4.57
ESG_160828,2023,0.79,6.19
ESG_160832,2023,0.0,9.31
ESG_160835,2023,0.0,0.14
ESG_160838,2023,14.81,5.45
ESG_160839,2023,10.5,12.59
ESG_160841,2023,14.76,6.44
ESG_160842,2023,5.85,5.61
ESG_160844,2023,7.97,12.21
ESG_160845,2023,13.92,5.39
ESG_160859,2023,0.4,24.69
ESG_160864,2023,0.0,0.3
ESG_161981,2023,0.0,0.12
ESG_161984,2023,0.0,0.01
ESG_161986,2023,0.98,0.27
ESG_161988,2023,0.0,0.1
ESG_161992,2023,1.58,2.2
ESG_161995,2023,0.0,0.0
ESG_161998,2023,,
ESG_161999,2023,0.0,40.18
ESG_162003,2023,6.68,0.62
ESG_162006,2023,0.0,1.01
ESG_162009,2023,0.0,3.17
ESG_162015,2023,,
ESG_162018,2023,5.84,1.33
ESG_162019,2023,0.0,12.68
ESG_162021,2023,0.42,0.37
ESG_162023,2023,0.0,0.07
ESG_162025,2023,0.17,1.35
ESG_162029,2023,0.0,32.11
ESG_162030,2023,0.0,10.4
ESG_162032,2023,0.0,0.0
ESG_162036,2023,0.0,1.3
ESG_162040,2023,0.0,0.01
ESG_162041,2023,0.16,0.13
ESG_162043,2023,1.75,38.73
ESG_162044,2023,3.74,0.44
ESG_162049,2023,12.08,1.81
ESG_162053,2023,0.35,3.35
ESG_162063,2023,0.0,0.49
ESG_162066,2023,0.0,0.63
ESG_162070,2023,0.93,0.48
ESG_162072,2023,0.0,0.24
ESG_162082,2023,0.0,0.15
ESG_162083,2023,,
ESG_162088,2023,7.54,14.95
ESG_162089,2023,0.0,1.15
ESG_162091,2023,,
ESG_162119,2023,1.46,2.35
ESG_162122,2023,0.0,0.96
ESG_162124,2023,2.47,0.73
ESG_162127,2023,2.19,31.24
ESG_162130,2023,0.8,0.77
ESG_162133,2023,0.0,0.13
ESG_162135,2023,3.05,0.8
ESG_162136,2023,0.79,0.07
ESG_162137,2023,0.0,0.18
ESG_162138,2023,0.0,1.32
ESG_162140,2023,0.0,0.11
ESG_162142,2023,1.29,12.91
ESG_162143,2023,0.23,0.28
ESG_162144,2023,1.09,32.61
ESG_162146,2023,0.0,0.15
ESG_162151,2023,0.18,0.7
ESG_162153,2023,0.12,17.24
ESG_162154,2023,0.0,0.54
ESG_162156,2023,11.79,8.65
ESG_162159,2023,0.0,1.28
ESG_162162,2023,,
ESG_162163,2023,0.19,0.35
ESG_162166,2023,0.0,0.11
ESG_162170,2023,0.0,0.02
ESG_162171,2023,0.24,0.2
ESG_162172,2023,0.0,0.65
ESG_162173,2023,0.0,0.05
ESG_162176,2023,0.0,0.56
ESG_162178,2023,0.0,0.02
ESG_162181,2023,0.0,0.12
ESG_162183,2023,0.0,0.0
ESG_162184,2023,0.0,0.01
ESG_162185,2023,0.0,0.0
ESG_162186,2023,0.0,0.03
ESG_162190,2023,0.0,0.0
ESG_162192,2023,0.0,0.02
ESG_162193,2023,0.0,0.01
ESG_162197,2023,0.0,3.72
ESG_162199,2023,0.0,0.0
ESG_162200,2023,0.0,0.11
ESG_162201,2023,0.0,0.36
ESG_162203,2023,0.0,0.07
ESG_162205,2023,0.0,0.43
ESG_162207,2023,0.0,0.12
ESG_162208,2023,0.0,0.0
ESG_162213,2023,6.05,31.19
ESG_162216,2023,0.0,0.34
ESG_162219,2023,13.21,2.85
ESG_162220,2023,0.0,0.15
ESG_162222,2023,0.0,1.67
ESG_162225,2023,0.0,0.19
ESG_162228,2023,3.02,0.23
ESG_162234,2023,0.0,0.76
ESG_162253,2023,0.28,0.45
ESG_162259,2023,25.46,6.64
ESG_162273,2023,19.82,7.32
ESG_162276,2023,0.0,1.02
ESG_162279,2023,0.0,1.48
ESG_162280,2023,0.0,0.04
ESG_162283,2023,18.57,0.75
ESG_162286,2023,0.0,0.0
ESG_162288,2023,0.0,1.47
ESG_162291,2023,0.0,0.01
ESG_162293,2023,0.0,0.05
ESG_162294,2023,0.0,0.09
ESG_162296,2023,0.55,0.68
ESG_162298,2023,0.0,0.0
ESG_162301,2023,0.0,0.02
ESG_162302,2023,0.0,0.03
ESG_162306,2023,0.0,0.0
ESG_162308,2023,0.0,0.08
ESG_162309,2023,0.0,0.01
ESG_162310,2023,61.86,7.42
ESG_162312,2023,2.67,12.86
ESG_162313,2023,5.0,0.87
ESG_162322,2023,6.24,7.88
ESG_162333,2023,,
ESG_162338,2023,0.0,0.94
ESG_162340,2023,0.61,2.41
ESG_162342,2023,7.35,6.37
ESG_162343,2023,0.35,2.78
ESG_162345,2023,0.89,0.52
ESG_162349,2023,6.49,2.34
ESG_162351,2023,1.02,2.56
ESG_162354,2023,1.65,1.32
ESG_162359,2023,11.45,6.1
ESG_162360,2023,0.0,0.23
ESG_162362,2023,22.76,2.81
ESG_162367,2023,0.0,19.12
ESG_162368,2023,0.0,0.21
ESG_162369,2023,0.0,0.25
ESG_162370,2023,1.89,0.73
ESG_162373,2023,0.0,2.92
ESG_162376,2023,0.0,2.15
ESG_162378,2023,10.78,14.72
ESG_162380,2023,0.0,0.6
ESG_162381,2023,2.47,0.36
ESG_162384,2023,0.0,0.25
ESG_162389,2023,0.0,0.03
ESG_162390,2023,0.0,5.55
ESG_162391,2023,1.06,0.82
ESG_162393,2023,0.0,0.0
ESG_162401,2023,1.11,0.54
ESG_162404,2023,0.0,0.68
ESG_162408,2023,0.0,0.0
ESG_162410,2023,4.5,0.77
ESG_162413,2023,2.55,1.76
ESG_162415,2023,0.94,0.96
ESG_162416,2023,0.0,2.45
ESG_162420,2023,0.2,4.7
ESG_162426,2023,3.41,0.14
ESG_162427,2023,0.0,0.14
ESG_162428,2023,1.91,0.11
ESG_162430,2023,0.0,0.64
ESG_162431,2023,1.83,4.7
ESG_162437,2023,4.3,0.3
ESG_162439,2023,0.31,0.2
ESG_162444,2023,5.3,3.91
ESG_162446,2023,0.0,0.1
ESG_162447,2023,4.26,0.43
ESG_162449,2023,0.0,0.23
ESG_162452,2023,0.0,1.41
ESG_162454,2023,0.0,2.19
ESG_162455,2023,24.34,2.64
ESG_162456,2023,1.18,3.57
ESG_162458,2023,0.98,14.75
ESG_162459,2023,0.48,0.47
ESG_162460,2023,0.0,0.28
ESG_162463,2023,0.0,0.4
ESG_162468,2023,0.35,0.14
ESG_162472,2023,16.9,6.56
ESG_162474,2023,0.0,2.05
ESG_162476,2023,0.0,0.24
ESG_163574,2023,0.0,16.56
ESG_163578,2023,0.0,0.58
ESG_163581,2023,3.29,1.11
ESG_163584,2023,0.93,0.18
ESG_163588,2023,0.0,0.61
ESG_163597,2023,0.0,15.21
ESG_163604,2023,1.33,0.24
ESG_163609,2023,4.17,0.45
ESG_163620,2023,3.45,1.08
ESG_163633,2023,14.1,3.97
ESG_163653,2023,0.0,0.04
ESG_163667,2023,3.8,4.29
ESG_163673,2023,23.91,3.6
ESG_163685,2023,3.8,1.27
ESG_163698,2023,17.35,8.08
ESG_163710,2023,0.65,1.41
ESG_163719,2023,0.22,0.91
ESG_163734,2023,1.28,0.7
ESG_163745,2023,19.54,2.93
ESG_163752,2023,9.32,5.54
ESG_163761,2023,2.26,25.11
ESG_163764,2023,7.75,8.02
ESG_163777,2023,0.0,0.0
ESG_163785,2023,0.0,0.05
ESG_163791,2023,0.0,2.06
ESG_163795,2023,3.92,6.32
ESG_163803,2023,5.23,3.69
ESG_163814,2023,10.27,9.14
ESG_163857,2023,5.48,6.41
ESG_163869,2023,,
ESG_163877,2023,,
ESG_163878,2023,5.09,3.95
ESG_163884,2023,0.0,31.05
ESG_163891,2023,,
ESG_163895,2023,,
ESG_163904,2023,17.61,4.33
ESG_163907,2023,8.28,4.74
ESG_163911,2023,6.33,20.45
ESG_163923,2023,0.0,0.68
ESG_163928,2023,12.45,4.43
ESG_163937,2023,0.0,0.05
ESG_163941,2023,0.0,0.72
ESG_163950,2023,0.0,0.27
ESG_163954,2023,0.0,8.89
ESG_163965,2023,0.0,0.05
ESG_163973,2023,0.0,0.2
ESG_163984,2023,0.0,0.46
ESG_163990,2023,0.0,2.32
ESG_163994,2023,0.36,0.07
ESG_163999,2023,2.41,0.06
ESG_164014,2023,0.93,0.54
ESG_164028,2023,0.64,0.2
ESG_164036,2023,0.14,2.25
ESG_164056,2023,0.0,0.42
ESG_164063,2023,0.14,0.05
ESG_164067,2023,0.19,2.58
ESG_164070,2023,0.0,3.86
ESG_164075,2023,0.0,0.32
ESG_164077,2023,0.58,0.35
ESG_164081,2023,2.04,1.16
ESG_164092,2023,0.52,0.13
ESG_164096,2023,0.54,0.54
ESG_164103,2023,0.49,0.2
ESG_164106,2023,0.0,0.42
ESG_164108,2023,0.0,0.0
ESG_164111,2023,0.26,0.04
ESG_164124,2023,0.0,1.46
ESG_164128,2023,0.16,1.28
ESG_164129,2023,6.97,1.9
ESG_164131,2023,19.08,41.97
ESG_164136,2023,0.0,0.24
ESG_164143,2023,5.37,2.03
ESG_164145,2023,2.31,0.4
ESG_164152,2023,0.0,0.4
ESG_164156,2023,0.0,0.0
ESG_164161,2023,0.0,1.63
ESG_164165,2023,0.23,1.13
ESG_164171,2023,0.0,0.59
ESG_164177,2023,1.38,2.27
ESG_164181,2023,0.0,0.19
ESG_164197,2023,0.71,1.76
ESG_164201,2023,0.37,0.53
ESG_164267,2023,8.43,26.57
ESG_164269,2023,1.23,5.4
ESG_164271,2023,0.0,0.87
ESG_164274,2023,0.0,0.41
ESG_164276,2023,0.0,0.24
ESG_164279,2023,2.36,2.19
ESG_164282,2023,2.81,0.58
ESG_164284,2023,1.0,0.62
ESG_164290,2023,5.51,0.85
ESG_164297,2023,0.8,0.65
ESG_164299,2023,0.0,0.33
ESG_164303,2023,16.08,22.08
ESG_164305,2023,0.0,0.17
ESG_164310,2023,0.43,3.22
ESG_164314,2023,1.02,0.57
ESG_164319,2023,0.0,0.17
ESG_164320,2023,0.0,0.08
ESG_164325,2023,0.0,0.14
ESG_164328,2023,1.42,0.23
ESG_164337,2023,0.42,7.55
ESG_164346,2023,0.0,0.09
ESG_164357,2023,0.63,0.5
ESG_164365,2023,0.0,0.26
ESG_164373,2023,0.0,0.02
ESG_164383,2023,0.0,0.25
ESG_164417,2023,5.79,2.32
ESG_164421,2023,1.84,1.59
ESG_164424,2023,0.0,4.11
ESG_164427,2023,3.29,2.03
ESG_164429,2023,0.71,0.56
ESG_164431,2023,0.0,0.36
ESG_164433,2023,0.0,14.58
ESG_164441,2023,2.07,6.03
ESG_164446,2023,0.0,0.12
ESG_164448,2023,0.46,0.3
ESG_164450,2023,0.77,0.59
ESG_164457,2023,0.0,0.02
ESG_164465,2023,0.0,0.04
ESG_164475,2023,,
ESG_164478,2023,,
ESG_164481,2023,0.0,0.12
ESG_164486,2023,3.57,12.2
ESG_164502,2023,0.39,0.75
ESG_164504,2023,0.0,0.08
ESG_164517,2023,0.0,0.18
ESG_164525,2023,0.0,0.22
ESG_164532,2023,0.0,0.03
ESG_164610,2023,5.88,17.26
ESG_164633,2023,0.51,0.43
ESG_164661,2023,3.4,12.28
ESG_164667,2023,0.0,0.67
ESG_164681,2023,0.0,0.05
ESG_164686,2023,9.09,58.72
ESG_164690,2023,2.17,9.13
ESG_164696,2023,0.0,0.08
ESG_164697,2023,0.0,1.02
ESG_164715,2023,1.74,1.48
ESG_164756,2023,1.42,2.32
ESG_164761,2023,0.0,0.63
ESG_164767,2023,0.0,0.19
ESG_164777,2023,12.5,8.6
ESG_164784,2023,1.73,6.58
ESG_164793,2023,7.17,1.65
ESG_164810,2023,0.0,0.08
ESG_164815,2023,0.2,0.18
ESG_164822,2023,0.0,2.68
ESG_164832,2023,3.46,1.35
ESG_164839,2023,17.83,8.21
ESG_164850,2023,0.0,0.0
ESG_164854,2023,0.43,0.56
ESG_164863,2023,0.0,0.29
ESG_164911,2023,0.0,0.38
ESG_164952,2023,0.0,0.11
ESG_164962,2023,0.0,0.03
ESG_164985,2023,1.35,15.86
ESG_164995,2023,0.0,0.09
ESG_165000,2023,0.67,0.19
ESG_165003,2023,3.21,11.68
ESG_165026,2023,3.66,34.11
ESG_165038,2023,0.0,0.03
ESG_165049,2023,0.0,0.07
ESG_165052,2023,4.98,11.02
ESG_165055,2023,1.47,0.38
ESG_165087,2023,0.0,0.15
ESG_165108,2023,2.65,0.35
ESG_165118,2023,0.0,0.02
ESG_165124,2023,3.55,4.22
ESG_165130,2023,12.12,35.47
ESG_165176,2023,0.51,0.24
ESG_165206,2023,12.33,4.41
ESG_165213,2023,0.0,0.28
ESG_165221,2023,0.0,7.5
ESG_165226,2023,2.79,1.92
ESG_165249,2023,1.68,0.03
ESG_165255,2023,0.0,0.43
ESG_165259,2023,0.0,0.07
ESG_165277,2023,0.0,0.54
ESG_165299,2023,0.76,0.77
ESG_165303,2023,0.34,0.31
ESG_167518,2023,8.87,1.63
ESG_167520,2023,0.0,0.0
ESG_167522,2023,0.0,0.12
ESG_167523,2023,0.0,0.0
ESG_167525,2023,13.71,4.96
ESG_167529,2023,0.11,0.01
ESG_167536,2023,0.0,0.09
ESG_167538,2023,0.0,0.21
ESG_167541,2023,0.0,0.1
ESG_167544,2023,0.0,0.11
ESG_167547,2023,0.41,4.47
ESG_167550,2023,22.19,37.48
ESG_167562,2023,0.85,1.33
ESG_167564,2023,1.16,0.48
ESG_167573,2023,1.11,2.28
ESG_167575,2023,0.0,0.0
ESG_167576,2023,0.0,0.02
ESG_167585,2023,0.0,14.53
ESG_167597,2023,1.23,1.23
ESG_167602,2023,0.0,0.15
ESG_167620,2023,0.0,8.21
ESG_167621,2023,0.5,0.55
ESG_167632,2023,0.0,0.2
ESG_167636,2023,0.29,0.04
ESG_167652,2023,0.08,0.01
ESG_167657,2023,0.0,0.03
ESG_167661,2023,0.0,10.65
ESG_167699,2023,0.0,0.34
ESG_167706,2023,0.0,0.27
ESG_167710,2023,0.71,1.0
ESG_167716,2023,0.0,3.97
ESG_167719,2023,0.0,0.03
ESG_167725,2023,0.0,0.05
ESG_167727,2023,1.67,0.18
ESG_167730,2023,0.0,0.04
ESG_167734,2023,41.52,26.12
ESG_167740,2023,1.3,1.05
ESG_167749,2023,0.34,1.63
ESG_167750,2023,0.0,0.06
ESG_167753,2023,0.0,0.0
ESG_167759,2023,0.41,0.09
ESG_167760,2023,0.0,0.06
ESG_167762,2023,2.63,3.25
ESG_167767,2023,0.0,0.35
ESG_167768,2023,0.0,3.87
ESG_167769,2023,1.12,0.23
ESG_167771,2023,1.24,0.22
ESG_167781,2023,0.0,0.09
ESG_167784,2023,0.0,21.89
ESG_167789,2023,1.27,0.52
ESG_167794,2023,11.35,10.64
ESG_167799,2023,0.0,0.1
ESG_167802,2023,0.0,0.0
ESG_167804,2023,0.46,18.47
ESG_167814,2023,3.72,39.2
ESG_167826,2023,0.0,1.05
ESG_167827,2023,0.0,32.03
ESG_167830,2023,0.94,24.41
ESG_167841,2023,0.0,0.31
ESG_167845,2023,2.2,0.78
ESG_167847,2023,0.0,0.0
ESG_167852,2023,0.0,19.42
ESG_167855,2023,0.0,1.61
ESG_167857,2023,0.0,0.71
ESG_167861,2023,1.76,0.16
ESG_167877,2023,4.75,0.14
ESG_167921,2023,0.0,1.38
ESG_167924,2023,0.0,0.17
ESG_167932,2023,0.0,0.0
ESG_167936,2023,0.0,19.67
ESG_167938,2023,0.0,0.48
ESG_167950,2023,0.52,26.42
ESG_167953,2023,0.0,19.84
ESG_167976,2023,2.41,0.52
ESG_167977,2023,0.0,5.65
ESG_167979,2023,0.0,0.16
ESG_167980,2023,4.17,0.57
ESG_167983,2023,5.75,0.8
ESG_167984,2023,1.43,0.66
ESG_167987,2023,0.0,0.01
ESG_167989,2023,0.0,4.89
ESG_167990,2023,0.0,0.03
ESG_167992,2023,0.0,0.07
ESG_167994,2023,0.0,6.0
ESG_167995,2023,0.0,2.61
ESG_167996,2023,0.0,0.14
ESG_167997,2023,0.0,0.01
ESG_167998,2023,21.73,28.96
ESG_168009,2023,12.64,0.46
ESG_168017,2023,0.45,1.22
ESG_168023,2023,2.7,0.07
ESG_168025,2023,0.0,0.24
ESG_168027,2023,0.0,0.19
ESG_168035,2023,2.54,0.26
ESG_168041,2023,0.0,0.24
ESG_168047,2023,0.0,0.08
ESG_168072,2023,8.29,0.27
ESG_168075,2023,9.85,15.92
ESG_168080,2023,17.79,16.17
ESG_168082,2023,0.0,0.0
ESG_168098,2023,0.0,8.51
ESG_168124,2023,19.91,4.29
ESG_168126,2023,8.18,0.65
ESG_168132,2023,3.21,0.44
ESG_168135,2023,12.04,5.29
ESG_168138,2023,6.09,4.25
ESG_168143,2023,10.18,0.62
ESG_168155,2023,27.18,7.57
ESG_168156,2023,0.93,0.07
ESG_168159,2023,21.48,6.14
ESG_168162,2023,0.4,1.96
ESG_168165,2023,4.33,0.86
ESG_168167,2023,0.29,0.76
ESG_168170,2023,7.03,4.01
ESG_168172,2023,29.27,2.43
ESG_168174,2023,4.41,0.41
ESG_168200,2023,7.63,0.64
ESG_168204,2023,5.85,2.73
ESG_168208,2023,53.27,8.92
ESG_168213,2023,0.63,18.27
ESG_168218,2023,0.44,7.13
ESG_168224,2023,17.06,5.71
ESG_168228,2023,2.76,2.94
ESG_168230,2023,15.02,7.3
ESG_168233,2023,14.71,0.83
ESG_168237,2023,26.79,11.06
ESG_168243,2023,14.43,0.75
ESG_168250,2023,2.87,2.93
ESG_168253,2023,17.52,5.56
ESG_168256,2023,0.0,0.49
ESG_168262,2023,0.61,0.18
ESG_168263,2023,10.09,4.05
ESG_168267,2023,2.15,4.15
ESG_168275,2023,0.34,0.52
ESG_168278,2023,14.53,7.74
ESG_168283,2023,0.0,0.2
ESG_168289,2023,4.21,1.02
ESG_168294,2023,6.39,0.91
ESG_168295,2023,20.14,7.08
ESG_168297,2023,29.22,8.99
ESG_168298,2023,0.0,1.42
ESG_168300,2023,24.49,6.75
ESG_168302,2023,31.61,8.46
ESG_168307,2023,6.25,4.49
ESG_168310,2023,2.48,0.55
ESG_168312,2023,0.32,1.37
ESG_168316,2023,13.12,4.54
ESG_168318,2023,0.0,11.31
ESG_168328,2023,0.0,0.4
ESG_168333,2023,5.32,0.37
ESG_168340,2023,1.01,0.12
ESG_168348,2023,0.0,39.21
ESG_168349,2023,0.0,0.64
ESG_168353,2023,0.76,0.07
ESG_168370,2023,1.41,7.67
ESG_168378,2023,0.0,0.11
ESG_168380,2023,1.72,0.3
ESG_168381,2023,0.0,0.1
ESG_168384,2023,0.0,2.03
ESG_168393,2023,0.0,0.11
ESG_168396,2023,0.0,0.46
ESG_168397,2023,11.3,9.94
ESG_168402,2023,0.0,0.19
ESG_168411,2023,0.0,5.4
ESG_168417,2023,2.65,13.13
ESG_168421,2023,0.63,1.82
ESG_168446,2023,15.54,8.77
ESG_168452,2023,0.0,0.39
ESG_168453,2023,13.07,5.03
ESG_168455,2023,0.11,0.01
ESG_168462,2023,1.38,4.17
ESG_168466,2023,0.0,0.01
ESG_168471,2023,0.0,0.19
ESG_168478,2023,0.0,0.07
ESG_168487,2023,0.59,0.31
ESG_168492,2023,0.0,0.14
ESG_168493,2023,2.11,1.33
ESG_168502,2023,6.22,0.49
ESG_168506,2023,1.83,0.12
ESG_168510,2023,0.34,7.7
ESG_168514,2023,0.0,0.13
ESG_168517,2023,1.64,0.88
ESG_168521,2023,0.0,7.28
ESG_168534,2023,0.0,0.01
ESG_168538,2023,0.83,2.62
ESG_168540,2023,0.0,1.38
ESG_168541,2023,0.31,0.24
ESG_168547,2023,0.0,0.05
ESG_168557,2023,0.0,0.43
ESG_168579,2023,0.46,0.05
ESG_168580,2023,1.58,0.32
ESG_168582,2023,0.0,0.09
ESG_168585,2023,8.97,0.5
ESG_168587,2023,0.0,0.04
ESG_168592,2023,1.53,1.41
ESG_168600,2023,0.0,0.23
ESG_168604,2023,0.0,0.5
ESG_168606,2023,0.8,0.02
ESG_168610,2023,0.0,0.34
ESG_168621,2023,10.01,3.32
ESG_168627,2023,0.08,3.12
ESG_168635,2023,0.0,0.01
ESG_168640,2023,24.43,14.31
ESG_168650,2023,5.19,1.21
ESG_168654,2023,0.0,0.01
ESG_168664,2023,3.17,1.03
ESG_168669,2023,0.0,8.72
ESG_168679,2023,0.0,0.14
ESG_168684,2023,6.18,0.2
ESG_168711,2023,25.17,29.84
ESG_168722,2023,0.0,31.02
ESG_168726,2023,0.0,0.51
ESG_168729,2023,0.0,0.03
ESG_168731,2023,4.88,0.79
ESG_168746,2023,0.27,0.05
ESG_168752,2023,0.45,0.04
ESG_168756,2023,0.0,0.28
ESG_168760,2023,0.0,4.75
ESG_168764,2023,0.0,0.51
ESG_168767,2023,0.0,0.56
ESG_168769,2023,3.67,0.53
ESG_168771,2023,1.69,0.21
ESG_168819,2023,0.44,0.02
ESG_168821,2023,5.61,1.03
ESG_168831,2023,0.0,0.25
ESG_168837,2023,0.0,0.01
ESG_168840,2023,0.0,0.04
ESG_168845,2023,0.0,0.11
ESG_168847,2023,0.0,0.41
ESG_168848,2023,2.95,0.26
ESG_168851,2023,0.59,0.1
ESG_168853,2023,0.0,3.68
ESG_168859,2023,0.0,0.5
ESG_168861,2023,0.0,0.09
ESG_168863,2023,0.97,2.05
ESG_168867,2023,3.79,17.36
ESG_168877,2023,0.0,0.08
ESG_168884,2023,0.62,3.93
ESG_168890,2023,0.0,0.0
ESG_168896,2023,0.0,0.36
ESG_168904,2023,10.61,7.45
ESG_168908,2023,0.0,0.69
ESG_168912,2023,0.0,0.05
ESG_168917,2023,0.0,0.86
ESG_168924,2023,0.0,0.0
ESG_168926,2023,0.0,0.07
ESG_168942,2023,0.0,0.13
ESG_168954,2023,0.0,0.06
ESG_168956,2023,0.0,0.01
ESG_168958,2023,0.0,0.44
ESG_168959,2023,4.76,1.59
ESG_168963,2023,0.69,0.04
ESG_168964,2023,1.02,0.18
ESG_168972,2023,0.0,0.45
ESG_168979,2023,0.32,0.05
ESG_168981,2023,0.0,0.37
ESG_168982,2023,0.0,5.94
ESG_168985,2023,0.0,0.02
ESG_168989,2023,0.0,0.13
ESG_169024,2023,0.65,0.02
ESG_169026,2023,0.0,0.51
ESG_169080,2023,0.0,0.74
ESG_169089,2023,0.47,13.34
ESG_169095,2023,0.0,1.71
ESG_169097,2023,0.0,0.02
ESG_169100,2023,5.1,0.44
ESG_169102,2023,0.0,0.05
ESG_169114,2023,1.15,0.6
ESG_169119,2023,0.28,8.8
ESG_169121,2023,0.0,0.32
ESG_169127,2023,0.37,1.22
ESG_169132,2023,1.07,0.18
ESG_169135,2023,1.0,0.31
ESG_169137,2023,0.36,0.8
ESG_169139,2023,1.25,0.67
ESG_169145,2023,0.23,0.34
ESG_169147,2023,0.39,0.44
ESG_169149,2023,1.35,0.07
ESG_169153,2023,0.0,1.51
ESG_169158,2023,0.0,3.22
ESG_169159,2023,0.0,0.0
ESG_169162,2023,0.0,2.33
ESG_169164,2023,0.0,0.26
ESG_169165,2023,4.45,1.85
ESG_169172,2023,0.0,0.01
ESG_169175,2023,0.0,0.06
ESG_169182,2023,0.0,0.03
ESG_169188,2023,0.0,0.68
ESG_169193,2023,0.3,0.98
ESG_169195,2023,0.0,0.37
ESG_169199,2023,3.4,0.72
ESG_169203,2023,0.0,0.03
ESG_169204,2023,2.03,0.25
ESG_169211,2023,2.98,0.15
ESG_169212,2023,0.0,0.79
ESG_169213,2023,0.64,0.05
ESG_169216,2023,0.0,0.23
ESG_169217,2023,0.0,8.15
ESG_169219,2023,2.08,0.44
ESG_169222,2023,22.03,3.99
ESG_169236,2023,0.0,3.38
ESG_169239,2023,0.0,0.05
ESG_169243,2023,0.0,0.31
ESG_169254,2023,24.88,7.25
ESG_169268,2023,0.0,0.17
ESG_169309,2023,0.0,0.11
ESG_169314,2023,0.0,0.24
ESG_169317,2023,0.0,4.79
ESG_169319,2023,0.67,7.77
ESG_169329,2023,0.0,0.19
ESG_169331,2023,5.6,0.85
ESG_169334,2023,0.36,0.84
ESG_169338,2023,0.0,0.0
ESG_169341,2023,23.26,4.3
ESG_169345,2023,0.0,0.98
ESG_169359,2023,0.0,0.15
ESG_169364,2023,0.0,0.05
ESG_169368,2023,0.0,36.3
ESG_169374,2023,0.0,0.8
ESG_169381,2023,0.0,6.43
ESG_169383,2023,0.0,0.15
ESG_169399,2023,0.0,0.0
ESG_169402,2023,0.0,0.16
ESG_169405,2023,0.96,2.87
ESG_169407,2023,0.0,0.14
ESG_169409,2023,0.0,1.74
ESG_169411,2023,0.0,0.22
ESG_169414,2023,0.11,0.45
ESG_169418,2023,3.9,1.95
ESG_169424,2023,0.0,0.27
ESG_169426,2023,0.0,0.03
ESG_169430,2023,0.0,0.44
ESG_169435,2023,2.96,8.61
ESG_169441,2023,1.15,0.07
ESG_169468,2023,0.0,0.0
ESG_169472,2023,0.0,0.02
ESG_169475,2023,0.0,0.69
ESG_169484,2023,0.0,0.74
ESG_169497,2023,0.0,0.07
ESG_169498,2023,10.88,2.34
ESG_169502,2023,0.0,0.42
ESG_169507,2023,0.0,0.22
ESG_169508,2023,0.0,0.01
ESG_169513,2023,4.72,0.92
ESG_169515,2023,1.41,6.03
ESG_169519,2023,0.41,0.22
ESG_169526,2023,0.46,0.08
ESG_169528,2023,0.6,0.29
ESG_169533,2023,6.36,2.51
ESG_169539,2023,0.0,0.22
ESG_169544,2023,0.0,0.86
ESG_169568,2023,0.0,0.01
ESG_169570,2023,0.0,0.07
ESG_169571,2023,0.0,0.14
ESG_169574,2023,0.0,7.25
ESG_169577,2023,0.0,0.41
ESG_169591,2023,0.0,0.05
ESG_169613,2023,0.14,0.09
ESG_169649,2023,0.32,0.66
ESG_169662,2023,0.0,0.0
ESG_169673,2023,0.0,0.0
ESG_169674,2023,0.0,0.19
ESG_169681,2023,0.23,0.09
ESG_169686,2023,29.9,6.94
ESG_169687,2023,0.0,0.0
ESG_169689,2023,0.0,0.0
ESG_169694,2023,0.09,0.02
ESG_169698,2023,0.09,0.1
ESG_169709,2023,2.23,0.15
ESG_169713,2023,3.24,0.58
ESG_169721,2023,0.0,2.55
ESG_169725,2023,0.3,0.07
ESG_169727,2023,0.07,0.05
ESG_169729,2023,0.0,3.78
ESG_169733,2023,13.86,7.69
ESG_169734,2023,0.0,0.0
ESG_169736,2023,1.68,0.11
ESG_169739,2023,0.24,0.02
ESG_169742,2023,0.0,0.01
ESG_169745,2023,0.0,0.06
ESG_169757,2023,0.17,0.01
ESG_169762,2023,0.1,0.01
ESG_169763,2023,0.11,0.04
ESG_169766,2023,0.3,0.32
ESG_169770,2023,1.29,3.79
ESG_169773,2023,0.0,0.0
ESG_169777,2023,1.05,0.13
ESG_169778,2023,0.0,0.5
ESG_169782,2023,1.93,0.27
ESG_169797,2023,6.68,1.61
ESG_169800,2023,0.0,0.0
ESG_169804,2023,0.26,0.03
ESG_169807,2023,0.0,0.0
ESG_169809,2023,0.0,0.71
ESG_169818,2023,4.78,1.81
ESG_169821,2023,0.22,0.32
ESG_169854,2023,0.0,0.8
ESG_169857,2023,1.15,5.43
ESG_170284,2023,0.0,0.11
ESG_170285,2023,0.0,4.77
ESG_170287,2023,1.72,0.42
ESG_170289,2023,0.15,0.04
ESG_170292,2023,0.0,0.82
ESG_170298,2023,0.0,0.1
ESG_170301,2023,0.0,0.04
ESG_170304,2023,1.5,0.92
ESG_182939,2023,5.16,5.36
ESG_182941,2023,0.02,0.11
ESG_182942,2023,0.13,0.28
ESG_182950,2023,2.0,1.1
ESG_182956,2023,5.44,1.42
ESG_182958,2023,20.68,17.75
ESG_183062,2023,0.15,0.36
ESG_183063,2023,0.77,0.6
ESG_183064,2023,0.38,0.93
ESG_183065,2023,0.0,1.65
ESG_183066,2023,0.0,1.23
ESG_183067,2023,1.01,2.44
ESG_183068,2023,0.69,0.68
ESG_183072,2023,5.18,4.14
ESG_183081,2023,3.38,6.43
ESG_183089,2023,1.23,0.26
ESG_183092,2023,2.95,1.42
ESG_183103,2023,5.95,8.61
ESG_183119,2023,3.81,0.81
ESG_183125,2023,3.71,0.62
ESG_183145,2023,1.52,5.69
ESG_183152,2023,0.36,0.14
ESG_183175,2023,7.21,16.33
ESG_183176,2023,7.59,6.52
ESG_183186,2023,2.9,2.66
ESG_183217,2023,7.59,39.38
ESG_183228,2023,0.93,0.17
ESG_183234,2023,0.95,22.3
ESG_183239,2023,0.88,0.22
ESG_183380,2023,0.0,0.31
ESG_183381,2023,15.59,32.96
ESG_183382,2023,0.0,0.87
ESG_183383,2023,0.48,0.5
ESG_183384,2023,10.04,2.83
ESG_183394,2023,0.0,0.47
ESG_183397,2023,1.15,0.44
ESG_183399,2023,0.0,0.27
ESG_183401,2023,5.86,1.83
ESG_183410,2023,7.0,0.53
ESG_183417,2023,3.28,0.52
ESG_183433,2023,0.92,6.02
ESG_183449,2023,6.28,0.55
ESG_183459,2023,8.63,13.77
ESG_183466,2023,0.42,0.13
ESG_183470,2023,1.51,8.37
ESG_183471,2023,1.85,1.15
ESG_183472,2023,0.0,1.31
ESG_183473,2023,1.85,0.05
ESG_183474,2023,6.13,1.98
ESG_183568,2023,0.52,0.41
ESG_183569,2023,0.59,0.3
ESG_183570,2023,0.0,0.15
ESG_183571,2023,0.0,10.48
ESG_183572,2023,0.17,0.42
ESG_183574,2023,,
ESG_183595,2023,8.12,0.99
ESG_183601,2023,2.96,1.3
ESG_183611,2023,2.5,1.4
ESG_183615,2023,3.12,46.72
ESG_183625,2023,0.0,0.39
ESG_183636,2023,2.64,6.69
ESG_183639,2023,0.66,1.12
ESG_183641,2023,0.5,12.92
ESG_183645,2023,0.0,0.12
ESG_183647,2023,0.71,2.64
ESG_183655,2023,0.0,0.88
ESG_183688,2023,8.64,2.35
ESG_183690,2023,1.45,2.19
ESG_183697,2023,6.59,3.23
ESG_183699,2023,11.11,11.43
ESG_183700,2023,0.0,0.74
ESG_183705,2023,3.18,2.35
ESG_183710,2023,0.0,1.09
ESG_183711,2023,0.0,0.0
ESG_183714,2023,1.22,0.21
ESG_183782,2023,12.62,5.05
ESG_183783,2023,10.02,2.45
ESG_183784,2023,,
ESG_183785,2023,,
ESG_183786,2023,6.92,0.29
ESG_183787,2023,13.29,7.81
ESG_183788,2023,,
ESG_183789,2023,2.75,5.07
ESG_183791,2023,6.47,2.12
ESG_183793,2023,9.25,4.55
ESG_183804,2023,15.73,6.81
ESG_183814,2023,2.1,20.09
ESG_183823,2023,2.07,0.23
ESG_183826,2023,1.26,1.0
ESG_183832,2023,0.25,0.46
ESG_183836,2023,0.99,0.68
ESG_183840,2023,6.99,0.42
ESG_183867,2023,9.21,3.84
ESG_183869,2023,0.0,9.92
ESG_183870,2023,0.58,0.68
ESG_183871,2023,7.12,1.08
ESG_183872,2023,0.39,0.42
ESG_183873,2023,0.92,0.24
ESG_183876,2023,0.8,0.6
ESG_183878,2023,0.22,0.67
ESG_183896,2023,1.05,1.62
ESG_183899,2023,32.04,55.47
ESG_183926,2023,10.78,3.14
ESG_183927,2023,0.0,0.0
ESG_183929,2023,0.0,20.35
ESG_183930,2023,0.0,6.03
ESG_183931,2023,0.0,0.0
ESG_183932,2023,0.0,0.0
ESG_183933,2023,0.0,0.19
ESG_183940,2023,2.24,0.49
ESG_183942,2023,0.0,0.34
ESG_183945,2023,0.0,0.11
ESG_183950,2023,0.77,2.23
ESG_183951,2023,0.68,2.89
ESG_183956,2023,0.0,0.01
ESG_184009,2023,2.54,1.23
ESG_184013,2023,0.0,0.0
ESG_184014,2023,0.0,0.4
ESG_184016,2023,0.0,0.36
ESG_184018,2023,1.21,9.04
ESG_184019,2023,2.13,14.42
ESG_184022,2023,3.04,0.14
ESG_184026,2023,15.77,5.06
ESG_184029,2023,0.0,0.62
ESG_184030,2023,0.0,0.06
ESG_184032,2023,0.0,0.03
ESG_184035,2023,0.51,0.74
ESG_184038,2023,0.2,4.68
ESG_184039,2023,0.0,0.64
ESG_184043,2023,0.0,0.02
ESG_184048,2023,0.0,0.05
ESG_184050,2023,0.0,0.17
ESG_184051,2023,0.0,0.35
ESG_184054,2023,3.12,1.19
ESG_184055,2023,0.0,0.08
ESG_184058,2023,0.0,0.0
ESG_184060,2023,2.06,0.27
ESG_184062,2023,0.0,0.7
ESG_184063,2023,0.0,0.07
ESG_184065,2023,0.0,0.16
ESG_184067,2023,0.0,0.1
ESG_184071,2023,0.0,0.67
ESG_184073,2023,1.62,0.59
ESG_184075,2023,6.06,1.34
ESG_184079,2023,0.35,0.17
ESG_184083,2023,0.0,0.94
ESG_184084,2023,0.0,3.37
ESG_184086,2023,0.0,0.04
ESG_184095,2023,0.45,0.02
ESG_184098,2023,1.06,0.05
ESG_184099,2023,0.0,0.97
ESG_184100,2023,0.0,1.05
ESG_184102,2023,0.0,0.21
ESG_184104,2023,0.0,0.8
ESG_184106,2023,0.0,0.0
ESG_184107,2023,0.0,0.04
ESG_184112,2023,0.0,0.87
ESG_184114,2023,0.0,3.71
ESG_184117,2023,0.0,0.93
ESG_184125,2023,2.02,0.63
ESG_184126,2023,4.19,4.2
ESG_184127,2023,0.0,0.19
ESG_184129,2023,0.0,0.75
ESG_184136,2023,2.69,0.51
ESG_184139,2023,0.76,0.3
ESG_184142,2023,1.08,28.14
ESG_184143,2023,1.48,0.79
ESG_184154,2023,0.0,1.13
ESG_184156,2023,1.36,1.27
ESG_184157,2023,3.39,1.0
ESG_184159,2023,0.0,0.11
ESG_184168,2023,0.0,0.27
ESG_184169,2023,0.0,0.27
ESG_184171,2023,0.0,0.01
ESG_184174,2023,1.18,9.84
ESG_184176,2023,0.0,20.42
ESG_184177,2023,0.0,1.48
ESG_184178,2023,,
ESG_184179,2023,0.0,0.37
ESG_184183,2023,0.0,0.19
ESG_184184,2023,1.35,1.82
ESG_184187,2023,15.21,13.25
ESG_184192,2023,1.14,10.05
ESG_184196,2023,0.0,0.56
ESG_184198,2023,0.47,0.2
ESG_184201,2023,0.0,1.33
ESG_184204,2023,0.0,0.18
ESG_184206,2023,0.0,0.48
ESG_184207,2023,1.69,8.08
ESG_184210,2023,0.0,4.84
ESG_184211,2023,0.0,0.02
ESG_184216,2023,2.29,1.64
ESG_184218,2023,0.0,16.84
ESG_184219,2023,0.78,23.93
ESG_184227,2023,0.0,0.08
ESG_184238,2023,0.0,25.07
ESG_184239,2023,0.0,0.11
ESG_184240,2023,7.43,5.41
ESG_184242,2023,0.0,0.68
ESG_184245,2023,6.36,4.52
ESG_184246,2023,1.53,2.64
ESG_184248,2023,0.0,4.52
ESG_184250,2023,6.74,11.69
ESG_184253,2023,0.0,0.23
ESG_184258,2023,0.74,0.18
ESG_184261,2023,5.18,2.89
ESG_184292,2023,0.55,26.96
ESG_184295,2023,0.0,0.99
ESG_184297,2023,0.62,0.34
ESG_184299,2023,0.0,0.14
ESG_184300,2023,1.29,7.54
ESG_184301,2023,0.0,0.41
ESG_184303,2023,0.0,0.33
ESG_184304,2023,0.0,1.33
ESG_184311,2023,,
ESG_184314,2023,0.0,0.74
ESG_184315,2023,,
ESG_184320,2023,2.55,1.44
ESG_184321,2023,0.0,0.17
ESG_184323,2023,0.0,0.0
ESG_184325,2023,0.49,0.91
ESG_184327,2023,0.0,1.98
ESG_184328,2023,0.0,16.08
ESG_184333,2023,0.0,0.54
ESG_184334,2023,0.0,3.53
ESG_184337,2023,0.0,0.37
ESG_184338,2023,1.72,1.39
ESG_184342,2023,14.02,36.46
ESG_184344,2023,2.97,0.68
ESG_184346,2023,0.57,0.08
ESG_184348,2023,13.37,53.89
ESG_184349,2023,0.0,0.24
ESG_184353,2023,0.0,0.33
ESG_184354,2023,,
ESG_184355,2023,3.22,0.92
ESG_184356,2023,,
ESG_184358,2023,10.58,27.7
ESG_184359,2023,3.72,10.26
ESG_184361,2023,0.0,0.0
ESG_184363,2023,0.78,0.76
ESG_184369,2023,0.0,4.63
ESG_184372,2023,,
ESG_184373,2023,,
ESG_184374,2023,0.0,1.28
ESG_184376,2023,0.0,0.89
ESG_184377,2023,0.0,0.06
ESG_184381,2023,,
ESG_184383,2023,2.21,0.17
ESG_184385,2023,0.58,0.85
ESG_184387,2023,11.31,4.03
ESG_184389,2023,1.52,0.85
ESG_184392,2023,0.64,0.09
ESG_184394,2023,1.32,1.56
ESG_184396,2023,0.62,21.54
ESG_184397,2023,0.0,10.62
ESG_184400,2023,0.0,26.32
ESG_184410,2023,0.0,0.31
ESG_184411,2023,0.26,5.72
ESG_184414,2023,10.6,7.83
ESG_184416,2023,1.16,20.78
ESG_184434,2023,0.0,0.01
ESG_184435,2023,0.0,0.59
ESG_184438,2023,1.25,0.98
ESG_184440,2023,0.0,1.7
ESG_184453,2023,0.0,0.37
ESG_184455,2023,2.34,8.11
ESG_184468,2023,0.53,0.32
ESG_184469,2023,0.48,0.35
ESG_184471,2023,1.46,0.16
ESG_184473,2023,0.0,3.69
ESG_184475,2023,6.13,6.16
ESG_184478,2023,2.58,1.01
ESG_184480,2023,0.0,0.05
ESG_184485,2023,0.0,10.66
ESG_184486,2023,2.69,0.66
ESG_184487,2023,1.42,2.52
ESG_184490,2023,0.51,1.9
ESG_184492,2023,1.1,1.19
ESG_184493,2023,0.0,0.21
ESG_184496,2023,0.0,0.16
ESG_184497,2023,1.94,48.19
ESG_184499,2023,0.0,0.01
ESG_184501,2023,0.0,0.07
ESG_184502,2023,3.48,0.6
ESG_184503,2023,2.68,0.51
ESG_184505,2023,0.0,0.05
ESG_184506,2023,0.0,0.0
ESG_184512,2023,0.0,27.25
ESG_184514,2023,0.0,6.23
ESG_184516,2023,0.74,2.71
ESG_184526,2023,0.71,0.57
ESG_184536,2023,0.75,2.55
ESG_184537,2023,4.27,1.71
ESG_184545,2023,0.0,0.01
ESG_184550,2023,3.68,16.53
ESG_184552,2023,0.35,0.27
ESG_184555,2023,,
ESG_184558,2023,1.55,65.37
ESG_184561,2023,5.63,23.22
ESG_184565,2023,0.0,0.07
ESG_184566,2023,21.21,5.39
ESG_184572,2023,0.0,0.03
ESG_184581,2023,0.0,1.25
ESG_184582,2023,0.0,2.61
ESG_184586,2023,1.47,2.63
ESG_184589,2023,0.0,0.28
ESG_184593,2023,6.21,4.14
ESG_184602,2023,0.0,1.18
ESG_184603,2023,0.0,0.26
ESG_184605,2023,0.0,1.3
ESG_184607,2023,0.0,0.56
ESG_184611,2023,0.0,22.96
ESG_184612,2023,0.0,14.27
ESG_184616,2023,0.0,0.67
ESG_184619,2023,0.0,2.01
ESG_184620,2023,0.0,0.06
ESG_184623,2023,1.32,0.07
ESG_184661,2023,0.38,0.84
ESG_184663,2023,0.0,0.05
ESG_184666,2023,0.0,19.97
ESG_184667,2023,0.0,0.92
ESG_184669,2023,18.47,20.22
ESG_184671,2023,0.0,0.15
ESG_184675,2023,0.0,1.34
ESG_184677,2023,0.0,16.14
ESG_184681,2023,0.0,3.71
ESG_184683,2023,1.41,0.73
ESG_184684,2023,4.78,9.79
ESG_184689,2023,2.69,2.54
ESG_184695,2023,0.0,0.3
ESG_184698,2023,0.22,0.15
ESG_184701,2023,0.0,1.01
ESG_184706,2023,0.0,0.0
ESG_184710,2023,0.0,0.0
ESG_184868,2023,,
ESG_184871,2023,0.61,0.64
ESG_184875,2023,1.03,0.57
ESG_184876,2023,1.86,2.9
ESG_184879,2023,0.0,0.14
ESG_184881,2023,0.0,8.68
ESG_184883,2023,0.0,15.95
ESG_184886,2023,0.0,0.03
ESG_184888,2023,0.0,0.65
ESG_184891,2023,0.0,1.54
ESG_184894,2023,0.0,3.15
ESG_184896,2023,0.0,5.28
ESG_184900,2023,0.0,0.46
ESG_184903,2023,0.0,0.36
ESG_184906,2023,0.12,0.44
ESG_184910,2023,100.0,97.72
ESG_184914,2023,0.88,0.7
ESG_184917,2023,0.62,0.25
ESG_184920,2023,1.72,0.32
ESG_184922,2023,0.0,1.15
ESG_184933,2023,0.0,7.1
ESG_184942,2023,1.86,4.18
ESG_184944,2023,1.22,2.35
ESG_184954,2023,0.86,0.59
ESG_184956,2023,0.0,0.66
ESG_184958,2023,0.62,0.51
ESG_184963,2023,3.14,18.26
ESG_184964,2023,1.08,0.65
ESG_184967,2023,0.0,0.14
ESG_184969,2023,14.98,8.73
ESG_184974,2023,3.18,4.81
ESG_184976,2023,0.0,0.08
ESG_184979,2023,3.89,13.29
ESG_184981,2023,7.34,1.77
ESG_184983,2023,0.0,1.63
ESG_184993,2023,1.26,2.69
ESG_184995,2023,9.33,4.72
ESG_184996,2023,4.04,6.01
ESG_184998,2023,6.63,0.38
ESG_184999,2023,0.0,0.1
ESG_185001,2023,0.0,0.24
ESG_185002,2023,10.69,10.67
ESG_185006,2023,0.0,4.25
ESG_185007,2023,0.38,42.58
ESG_185009,2023,0.47,2.64
ESG_185019,2023,0.67,0.44
ESG_185021,2023,0.24,0.23
ESG_185023,2023,0.0,0.04
ESG_185025,2023,0.6,0.68
ESG_185029,2023,0.0,0.3
ESG_185030,2023,0.0,0.58
ESG_185037,2023,0.0,2.53
ESG_185039,2023,0.0,0.16
ESG_185040,2023,4.95,40.75
ESG_185041,2023,0.0,3.23
ESG_185042,2023,0.0,0.09
ESG_185046,2023,,
ESG_185051,2023,0.0,27.16
ESG_185054,2023,0.0,29.3
ESG_185058,2023,0.0,0.03
ESG_185060,2023,0.0,1.0
ESG_185061,2023,0.0,0.0
ESG_185065,2023,0.55,0.73
ESG_185066,2023,0.69,1.03
ESG_185071,2023,2.02,1.11
ESG_185073,2023,0.88,0.88
ESG_185075,2023,0.0,2.11
ESG_185077,2023,0.0,0.14
ESG_185080,2023,0.0,0.57
ESG_185084,2023,0.0,0.3
ESG_185092,2023,0.23,0.11
ESG_185098,2023,0.0,0.13
ESG_185101,2023,0.0,0.13
ESG_185107,2023,0.27,0.45
ESG_185112,2023,0.0,32.59
ESG_185114,2023,0.27,0.32
ESG_185117,2023,0.0,0.19
ESG_185119,2023,1.62,2.78
ESG_185138,2023,0.83,0.04
ESG_185142,2023,6.17,36.03
ESG_185143,2023,1.09,2.56
ESG_185145,2023,4.71,3.34
ESG_185187,2023,0.38,1.03
ESG_185190,2023,0.0,0.94
ESG_185192,2023,13.08,4.88
ESG_185194,2023,1.61,5.61
ESG_185196,2023,0.0,0.08
ESG_185198,2023,0.42,20.87
ESG_185199,2023,0.0,0.82
ESG_185200,2023,0.0,1.09
ESG_185202,2023,22.87,18.45
ESG_185204,2023,0.0,6.74
ESG_185205,2023,5.78,14.74
ESG_185207,2023,4.99,2.65
ESG_185209,2023,2.14,2.59
ESG_185210,2023,0.96,1.16
ESG_185216,2023,0.0,0.1
ESG_185219,2023,0.0,0.03
ESG_185222,2023,0.0,0.86
ESG_185223,2023,0.0,0.79
ESG_185224,2023,0.0,0.77
ESG_185227,2023,0.0,0.6
ESG_185228,2023,3.6,1.26
ESG_185229,2023,0.0,0.33
ESG_185238,2023,0.0,0.21
ESG_185240,2023,0.0,0.03
ESG_185241,2023,1.69,1.03
ESG_185242,2023,,
ESG_185271,2023,0.0,27.44
ESG_185272,2023,13.78,48.53
ESG_185273,2023,0.0,2.69
ESG_185288,2023,0.56,5.2
ESG_185289,2023,0.0,0.15
ESG_185293,2023,0.0,0.13
ESG_185299,2023,0.0,2.88
ESG_185308,2023,0.34,10.11
ESG_185312,2023,,
ESG_185314,2023,,
ESG_185322,2023,0.0,20.19
ESG_185339,2023,2.92,1.82
ESG_185342,2023,2.51,13.98
ESG_185345,2023,14.81,5.77
ESG_185351,2023,1.83,0.26
ESG_185356,2023,0.0,0.74
ESG_185359,2023,0.0,0.09
ESG_185379,2023,5.1,6.32
ESG_185380,2023,0.0,0.2
ESG_185382,2023,0.0,0.38
ESG_185384,2023,0.0,0.56
ESG_185385,2023,0.41,0.58
ESG_185390,2023,2.86,4.48
ESG_185391,2023,0.0,0.39
ESG_185397,2023,0.0,37.44
ESG_185399,2023,0.9,0.49
ESG_185402,2023,0.27,0.2
ESG_185404,2023,0.0,0.2
ESG_185407,2023,0.0,0.26
ESG_185410,2023,1.39,12.44
ESG_185418,2023,0.26,0.15
ESG_185420,2023,0.78,4.36
ESG_185422,2023,1.3,7.01
ESG_185427,2023,0.4,27.49
ESG_185428,2023,0.56,0.29
ESG_185430,2023,0.0,0.44
ESG_185431,2023,0.0,0.31
ESG_185437,2023,1.19,0.51
ESG_185438,2023,0.0,0.22
ESG_185439,2023,0.0,0.1
ESG_185450,2023,15.02,6.59
ESG_185452,2023,18.0,52.05
ESG_185454,2023,3.38,1.2
ESG_185467,2023,0.0,0.42
ESG_185468,2023,0.0,0.07
ESG_185476,2023,9.34,8.07
ESG_185480,2023,0.0,0.26
ESG_185486,2023,0.2,0.15
ESG_185492,2023,0.94,0.35
ESG_185493,2023,0.0,5.14
ESG_185499,2023,0.0,0.13
ESG_185503,2023,2.32,0.77
ESG_185505,2023,0.0,0.14
ESG_185508,2023,0.0,0.77
ESG_185513,2023,0.0,0.93
ESG_185514,2023,0.0,0.49
ESG_185516,2023,0.0,0.22
ESG_185526,2023,0.0,0.03
ESG_185530,2023,2.49,0.15
ESG_185533,2023,0.0,0.17
ESG_185535,2023,0.0,0.66
ESG_185537,2023,1.54,0.41
ESG_185540,2023,8.98,9.02
ESG_185545,2023,0.0,0.12
ESG_185551,2023,0.8,0.23
ESG_185556,2023,1.23,0.43
ESG_185595,2023,1.18,0.29
ESG_185597,2023,0.09,1.43
ESG_185599,2023,0.28,10.39
ESG_185603,2023,11.9,0.66
ESG_185606,2023,18.86,6.28
ESG_185612,2023,0.0,0.46
ESG_185614,2023,0.93,0.05
ESG_185616,2023,2.24,3.99
ESG_185623,2023,3.38,8.2
ESG_185628,2023,0.0,36.93
ESG_185632,2023,10.38,23.82
ESG_185650,2023,0.0,1.28
ESG_185656,2023,0.0,0.0
ESG_185657,2023,0.0,13.03
ESG_185658,2023,0.0,0.02
ESG_185660,2023,0.0,0.0
ESG_185667,2023,0.0,0.05
ESG_185669,2023,0.0,0.0
ESG_185675,2023,0.0,0.0
ESG_185678,2023,0.0,0.32
ESG_185679,2023,0.0,0.0
ESG_185680,2023,0.0,0.1
ESG_185684,2023,0.0,0.03
ESG_185691,2023,0.0,0.02
ESG_185696,2023,0.0,0.06
ESG_185698,2023,0.0,1.31
ESG_185700,2023,0.0,0.3
ESG_185706,2023,0.0,0.67
ESG_185713,2023,0.0,8.82
ESG_185715,2023,0.0,0.0
ESG_185716,2023,0.0,0.14
ESG_185717,2023,0.0,12.44
ESG_185720,2023,0.64,0.25
ESG_185722,2023,0.0,0.84
ESG_185730,2023,0.0,0.0
ESG_185732,2023,0.0,0.0
ESG_185736,2023,0.0,11.23
ESG_185744,2023,0.0,0.0
ESG_185747,2023,0.0,0.0
ESG_185769,2023,0.0,0.0
ESG_185771,2023,0.0,0.06
ESG_185776,2023,0.0,0.02
ESG_185781,2023,0.0,0.01
ESG_185792,2023,2.6,0.27
ESG_185795,2023,0.0,0.0
ESG_185797,2023,2.1,4.67
ESG_185806,2023,,
ESG_185808,2023,,
ESG_185809,2023,0.0,0.15
ESG_185825,2023,0.0,0.22
ESG_185826,2023,6.1,25.58
ESG_185827,2023,1.16,0.94
ESG_185830,2023,0.76,17.33
ESG_185832,2023,0.0,1.82
ESG_185833,2023,1.08,0.69
ESG_185835,2023,0.0,1.22
ESG_185837,2023,8.24,3.95
ESG_185845,2023,6.99,14.68
ESG_185847,2023,1.06,10.48
ESG_185853,2023,1.1,0.8
ESG_185858,2023,6.11,11.63
ESG_185861,2023,5.1,9.36
ESG_185862,2023,4.97,6.36
ESG_185865,2023,1.84,0.71
ESG_185866,2023,8.73,6.11
ESG_185867,2023,7.81,4.56
ESG_185872,2023,11.46,8.78
ESG_185873,2023,9.36,11.01
ESG_185877,2023,7.01,1.27
ESG_185878,2023,5.02,3.59
ESG_185881,2023,5.14,1.91
ESG_185885,2023,3.43,2.35
ESG_185888,2023,2.96,1.46
ESG_185890,2023,5.98,6.69
ESG_185892,2023,7.79,7.42
ESG_185897,2023,4.99,5.23
ESG_185899,2023,11.97,18.2
ESG_185901,2023,15.5,8.27
ESG_185903,2023,5.18,2.1
ESG_185921,2023,6.59,23.41
ESG_185925,2023,4.44,1.62
ESG_185939,2023,,
ESG_185941,2023,,
ESG_185975,2023,2.94,1.68
ESG_185979,2023,0.5,0.48
ESG_185982,2023,0.0,0.02
ESG_185985,2023,,
ESG_185986,2023,,
ESG_185988,2023,1.27,12.95
ESG_185991,2023,0.0,2.67
ESG_185993,2023,0.63,0.14
ESG_185994,2023,0.0,0.09
ESG_185997,2023,0.79,0.3
ESG_186005,2023,1.22,0.28
ESG_186008,2023,,
ESG_186010,2023,,
ESG_186013,2023,0.0,0.01
ESG_186016,2023,0.0,0.17
ESG_186017,2023,0.0,8.13
ESG_186018,2023,0.0,0.32
ESG_186019,2023,0.0,0.0
ESG_186020,2023,26.8,27.38
ESG_186021,2023,0.0,32.47
ESG_186022,2023,30.34,40.02
ESG_186027,2023,4.56,0.6
ESG_186028,2023,0.79,1.05
ESG_186029,2023,2.07,0.81
ESG_186030,2023,0.0,1.18
ESG_186031,2023,0.0,44.11
ESG_186034,2023,0.0,29.88
ESG_186035,2023,0.0,19.83
ESG_186036,2023,0.0,15.58
ESG_186041,2023,,
ESG_186043,2023,,
ESG_186044,2023,,
ESG_186054,2023,,
ESG_186055,2023,,
ESG_186057,2023,0.51,26.39
ESG_186065,2023,,
ESG_186074,2023,26.29,4.4
ESG_186079,2023,,
ESG_186082,2023,,
ESG_186085,2023,0.0,39.75
ESG_186089,2023,5.56,1.15
ESG_186091,2023,13.64,1.41
ESG_186094,2023,1.08,0.94
ESG_186103,2023,0.0,1.57
ESG_186107,2023,0.0,1.97
ESG_186110,2023,0.88,0.17
ESG_186111,2023,0.41,17.2
ESG_186118,2023,2.16,2.29
ESG_186122,2023,5.18,0.3
ESG_186125,2023,0.0,26.59
ESG_186131,2023,3.87,2.31
ESG_186134,2023,12.08,3.99
ESG_186138,2023,9.9,3.93
ESG_186141,2023,1.35,0.63
ESG_186152,2023,2.0,0.92
ESG_186156,2023,0.19,0.57
ESG_186160,2023,0.0,0.16
ESG_186163,2023,28.92,19.41
ESG_186165,2023,0.0,0.01
ESG_186172,2023,0.0,0.16
ESG_186177,2023,0.0,0.89
ESG_186183,2023,0.3,0.96
ESG_186185,2023,1.35,30.96
ESG_186187,2023,1.56,31.5
ESG_186216,2023,0.29,0.03
ESG_186219,2023,0.0,0.21
ESG_186220,2023,0.77,5.6
ESG_186224,2023,0.0,20.64
ESG_186228,2023,2.69,0.53
ESG_186229,2023,8.29,14.62
ESG_186232,2023,0.2,0.03
ESG_186236,2023,9.5,28.65
ESG_186238,2023,0.0,0.22
ESG_186245,2023,0.67,11.81
ESG_186249,2023,0.86,1.07
ESG_186251,2023,0.0,0.11
ESG_186252,2023,0.0,6.63
ESG_186254,2023,0.0,0.3
ESG_186256,2023,0.0,0.25
ESG_186262,2023,1.94,33.91
ESG_186263,2023,4.4,12.13
ESG_186265,2023,0.0,0.14
ESG_186266,2023,3.83,0.86
ESG_186267,2023,12.06,32.03
ESG_186270,2023,1.94,34.61
ESG_186272,2023,0.0,28.9
ESG_186274,2023,0.0,1.16
ESG_186276,2023,0.13,0.18
ESG_186278,2023,0.0,0.92
ESG_186280,2023,0.38,0.27
ESG_186285,2023,6.71,14.93
ESG_186286,2023,0.0,0.07
ESG_186287,2023,7.77,6.83
ESG_186296,2023,5.34,1.0
ESG_186299,2023,27.78,21.69
ESG_186300,2023,3.16,2.64
ESG_186304,2023,5.68,0.43
ESG_186308,2023,0.41,27.49
ESG_186312,2023,16.98,29.56
ESG_186315,2023,0.23,55.24
ESG_186316,2023,0.0,0.73
ESG_186326,2023,0.32,1.1
ESG_186335,2023,0.0,1.8
ESG_186338,2023,0.0,0.11
ESG_186342,2023,0.0,0.02
ESG_186343,2023,0.25,0.16
ESG_186347,2023,0.41,0.05
ESG_186352,2023,0.0,11.46
ESG_186356,2023,,
ESG_186374,2023,,
ESG_186378,2023,,
ESG_186381,2023,,
ESG_186385,2023,0.38,15.74
ESG_186386,2023,0.97,0.31
ESG_186388,2023,0.44,2.67
ESG_186390,2023,0.0,0.04
ESG_186410,2023,0.0,22.07
ESG_186416,2023,0.0,0.32
ESG_186418,2023,1.75,0.66
ESG_186420,2023,0.0,0.09
ESG_186426,2023,17.2,6.43
ESG_186429,2023,0.0,0.2
ESG_186431,2023,0.0,0.57
ESG_186435,2023,18.68,13.57
ESG_186439,2023,0.0,0.05
ESG_186440,2023,5.47,37.8
ESG_186444,2023,0.2,0.1
ESG_186445,2023,0.0,1.28
ESG_186446,2023,12.96,3.43
ESG_186449,2023,15.29,5.15
ESG_186457,2023,3.55,0.34
ESG_186459,2023,5.67,5.18
ESG_186465,2023,10.0,10.49
ESG_186466,2023,0.77,0.32
ESG_186467,2023,0.0,18.88
ESG_186468,2023,4.57,0.84
ESG_186471,2023,0.0,4.57
ESG_186473,2023,4.55,0.23
ESG_186475,2023,4.02,4.96
ESG_186476,2023,8.43,1.67
ESG_186479,2023,0.35,19.84
ESG_186483,2023,0.0,2.54
ESG_186484,2023,33.95,53.32
ESG_186492,2023,0.45,20.82
ESG_186493,2023,1.23,0.1
ESG_186494,2023,0.0,0.08
ESG_186498,2023,5.62,1.74
ESG_186499,2023,0.0,3.67
ESG_186501,2023,0.45,5.21
ESG_186502,2023,0.0,1.31
ESG_186503,2023,30.56,15.14
ESG_186506,2023,0.0,3.95
ESG_186508,2023,0.0,0.86
ESG_186511,2023,4.98,1.34
ESG_186523,2023,0.27,0.65
ESG_186525,2023,0.0,0.55
ESG_186526,2023,,
ESG_186529,2023,0.0,3.93
ESG_186533,2023,0.0,28.66
ESG_186551,2023,0.0,20.21
ESG_186559,2023,0.0,0.0
ESG_186561,2023,1.51,1.89
ESG_186564,2023,0.0,0.0
ESG_186568,2023,1.32,1.19
ESG_186574,2023,2.66,2.15
ESG_186577,2023,0.71,0.37
ESG_186594,2023,0.0,0.42
ESG_186598,2023,0.0,4.34
ESG_186603,2023,1.08,0.68
ESG_186616,2023,1.78,0.91
ESG_186622,2023,0.0,0.09
ESG_186626,2023,0.0,24.45
ESG_186630,2023,0.18,12.07
ESG_186633,2023,9.07,2.75
ESG_186634,2023,10.85,40.78
ESG_186635,2023,3.95,4.56
ESG_186640,2023,0.24,1.68
ESG_186643,2023,0.96,1.71
ESG_186644,2023,0.0,0.0
ESG_186645,2023,0.0,0.12
ESG_186646,2023,0.33,10.1
ESG_186648,2023,0.93,0.63
ESG_186649,2023,0.27,0.05
ESG_186650,2023,0.0,1.3
ESG_186652,2023,3.69,34.28
ESG_186654,2023,1.15,0.33
ESG_186655,2023,0.53,0.71
ESG_186657,2023,0.18,0.11
ESG_186659,2023,0.38,0.15
ESG_186660,2023,0.0,0.24
ESG_186661,2023,0.0,0.01
ESG_186662,2023,3.14,1.53
ESG_186670,2023,0.0,0.64
ESG_186672,2023,9.96,2.93
ESG_186674,2023,0.29,7.47
ESG_186675,2023,1.3,2.91
ESG_186678,2023,0.0,0.05
ESG_186681,2023,5.26,22.32
ESG_186682,2023,24.76,27.14
ESG_186684,2023,0.0,0.03
ESG_186686,2023,0.0,1.59
ESG_186689,2023,0.0,0.19
ESG_186692,2023,0.0,5.58
ESG_186695,2023,19.64,3.04
ESG_186697,2023,0.0,0.41
ESG_186698,2023,0.0,8.27
ESG_186702,2023,0.0,1.09
ESG_186703,2023,0.0,0.05
ESG_186705,2023,0.0,0.04
ESG_186706,2023,0.0,0.01
ESG_186707,2023,0.58,1.23
ESG_186779,2023,0.0,1.52
ESG_186780,2023,0.0,0.23
ESG_186798,2023,0.17,0.53
ESG_186800,2023,8.97,36.14
ESG_186804,2023,0.0,37.77
ESG_186808,2023,1.67,2.03
ESG_186810,2023,0.0,14.98
ESG_186813,2023,2.13,1.69
ESG_186815,2023,3.24,29.69
ESG_186817,2023,0.0,0.01
ESG_186818,2023,0.0,0.21
ESG_186820,2023,0.0,0.0
ESG_186821,2023,0.32,0.58
ESG_186822,2023,0.0,0.64
ESG_186824,2023,28.49,13.58
ESG_186825,2023,0.0,28.88
ESG_186828,2023,0.0,0.36
ESG_186831,2023,14.39,6.79
ESG_186833,2023,0.0,1.55
ESG_186838,2023,2.67,6.86
ESG_186839,2023,1.49,6.02
ESG_186841,2023,1.16,2.44
ESG_186844,2023,0.0,0.31
ESG_186847,2023,0.83,0.23
ESG_186848,2023,0.0,4.15
ESG_186850,2023,0.0,0.3
ESG_186854,2023,0.0,2.33
ESG_186861,2023,0.0,0.0
ESG_186864,2023,1.8,0.42
ESG_186865,2023,0.0,37.83
ESG_186873,2023,0.0,0.08
ESG_186886,2023,0.0,0.1
ESG_186895,2023,1.35,2.06
ESG_186901,2023,0.0,0.22
ESG_186903,2023,0.0,0.04
ESG_186917,2023,11.48,4.81
ESG_186918,2023,7.94,30.87
ESG_186923,2023,0.36,5.58
ESG_186924,2023,0.26,7.36
ESG_186935,2023,2.78,3.31
ESG_186937,2023,0.29,0.29
ESG_186939,2023,0.0,13.26
ESG_186944,2023,0.0,0.13
ESG_186945,2023,0.0,1.39
ESG_186947,2023,0.0,21.34
ESG_186963,2023,0.0,0.16
ESG_186970,2023,0.0,3.25
ESG_186975,2023,0.88,0.52
ESG_186978,2023,3.52,4.77
ESG_186980,2023,2.17,0.59
ESG_187021,2023,3.96,2.92
ESG_187024,2023,0.0,25.34
ESG_187026,2023,0.0,0.14
ESG_187028,2023,1.05,1.37
ESG_187033,2023,0.73,0.36
ESG_187034,2023,0.0,0.25
ESG_187035,2023,0.0,1.04
ESG_187036,2023,0.0,0.56
ESG_187038,2023,31.17,37.08
ESG_187041,2023,0.0,0.3
ESG_187042,2023,2.13,2.07
ESG_187048,2023,4.46,1.11
ESG_187052,2023,1.12,2.12
ESG_187062,2023,0.0,1.09
ESG_187063,2023,2.52,0.6
ESG_187064,2023,0.0,17.95
ESG_187065,2023,0.23,5.89
ESG_187066,2023,6.45,5.63
ESG_187068,2023,1.07,6.4
ESG_187069,2023,6.45,0.96
ESG_187070,2023,0.33,0.75
ESG_187071,2023,0.75,4.35
ESG_187073,2023,2.95,2.03
ESG_187081,2023,11.7,19.77
ESG_187087,2023,1.99,1.59
ESG_187102,2023,0.56,3.58
ESG_187107,2023,1.59,2.46
ESG_187109,2023,1.09,1.08
ESG_187113,2023,0.0,0.85
ESG_187115,2023,0.0,0.09
ESG_187117,2023,2.81,1.69
ESG_187125,2023,0.8,2.78
ESG_187126,2023,4.28,6.02
ESG_187129,2023,0.0,1.89
ESG_187132,2023,0.37,1.51
ESG_187150,2023,1.58,4.67
ESG_187152,2023,0.0,0.09
ESG_187157,2023,0.82,2.3
ESG_187162,2023,0.8,0.36
ESG_187166,2023,0.0,2.54
ESG_187176,2023,3.85,3.69
ESG_187178,2023,1.44,2.57
ESG_187180,2023,0.21,4.08
ESG_194961,2023,12.59,24.27
ESG_194963,2023,0.0,0.7
ESG_194968,2023,1.67,0.28
ESG_194971,2023,0.0,2.36
ESG_194974,2023,0.0,0.0
ESG_194985,2023,0.0,0.3
ESG_194990,2023,0.0,1.19
ESG_194993,2023,1.42,2.87
ESG_194998,2023,8.06,8.65
ESG_195003,2023,0.15,1.66
ESG_195006,2023,0.14,0.01
ESG_195010,2023,2.69,1.43
ESG_195022,2023,1.7,1.66
ESG_195033,2023,0.0,1.52
ESG_195043,2023,0.39,0.18
ESG_195064,2023,0.0,0.04
ESG_195066,2023,0.0,2.81
ESG_195068,2023,0.15,0.17
ESG_195072,2023,0.0,0.28
ESG_195081,2023,12.26,4.49
ESG_195085,2023,0.0,0.16
ESG_195092,2023,0.0,0.71
ESG_195095,2023,1.32,7.97
ESG_195103,2023,0.0,0.63
ESG_195107,2023,1.89,0.86
ESG_195120,2023,0.0,0.27
ESG_195130,2023,0.0,0.12
ESG_195133,2023,4.53,1.21
ESG_195140,2023,7.57,2.2
ESG_195145,2023,3.03,1.69
ESG_195148,2023,0.65,0.11
ESG_195150,2023,4.56,3.86
ESG_195152,2023,,
ESG_195178,2023,0.0,0.08
ESG_195184,2023,0.0,2.87
ESG_195193,2023,0.48,0.39
ESG_195230,2023,0.0,14.16
ESG_195243,2023,0.06,0.18
ESG_195248,2023,0.43,0.56
ESG_195250,2023,4.7,0.21
ESG_195270,2023,1.71,6.46
ESG_195276,2023,14.91,14.04
ESG_195280,2023,3.47,4.86
ESG_195288,2023,18.07,16.59
ESG_195290,2023,2.89,1.65
ESG_195297,2023,3.62,6.68
ESG_195309,2023,2.0,1.18
ESG_195314,2023,0.0,0.67
ESG_195320,2023,1.06,2.05
ESG_195327,2023,2.01,2.19
ESG_195331,2023,1.85,6.36
ESG_195340,2023,2.47,7.63
ESG_195362,2023,0.0,2.96
ESG_195367,2023,0.89,2.25
ESG_195370,2023,1.01,7.11
ESG_195375,2023,1.75,0.51
ESG_195376,2023,0.82,1.25
ESG_195378,2023,0.0,0.92
ESG_195381,2023,0.0,0.11
ESG_195386,2023,0.59,1.03
ESG_195390,2023,6.27,29.47
ESG_195445,2023,0.0,11.19
ESG_195454,2023,0.24,0.37
ESG_195463,2023,3.2,1.31
ESG_195485,2023,0.51,5.56
ESG_195491,2023,0.0,0.11
ESG_195496,2023,0.14,0.73
ESG_195498,2023,7.59,0.98
ESG_195506,2023,1.1,0.79
ESG_195523,2023,2.11,0.28
ESG_195527,2023,0.0,0.62
ESG_195532,2023,0.35,0.77
ESG_195535,2023,0.41,0.13
ESG_195542,2023,0.27,3.3
ESG_195545,2023,0.0,4.49
ESG_195549,2023,0.16,0.04
ESG_195554,2023,0.0,0.67
ESG_195557,2023,0.39,0.28
ESG_195560,2023,11.59,5.57
ESG_195564,2023,0.32,0.79
ESG_195571,2023,0.83,0.44
ESG_195576,2023,3.61,0.53
ESG_195578,2023,9.38,0.63
ESG_195583,2023,0.33,0.18
ESG_195590,2023,1.05,5.24
ESG_195592,2023,0.69,0.37
ESG_195595,2023,0.28,0.59
ESG_195601,2023,0.24,0.29
ESG_195602,2023,0.1,0.1
ESG_195605,2023,0.0,0.0
ESG_195617,2023,0.0,14.4
ESG_195619,2023,0.11,0.01
ESG_195632,2023,0.0,0.48
ESG_195665,2023,13.08,0.95
ESG_195672,2023,0.0,0.0
ESG_195674,2023,0.34,2.9
ESG_195678,2023,0.0,0.3
ESG_195686,2023,1.49,0.2
ESG_195692,2023,0.0,0.66
ESG_195697,2023,0.0,0.01
ESG_195704,2023,0.0,0.09
ESG_195710,2023,0.0,0.1
ESG_195712,2023,0.0,0.08
ESG_195717,2023,0.0,0.54
ESG_195720,2023,9.9,1.75
ESG_195737,2023,0.0,0.45
ESG_195741,2023,0.0,1.62
ESG_195743,2023,0.0,0.4
ESG_195745,2023,0.0,0.44
ESG_195746,2023,15.37,1.73
ESG_195748,2023,0.99,0.31
ESG_195751,2023,0.0,0.04
ESG_195763,2023,5.93,0.95
ESG_195765,2023,9.67,25.41
ESG_195770,2023,3.7,2.37
ESG_195776,2023,3.39,18.26
ESG_195777,2023,,
ESG_195780,2023,0.0,3.43
ESG_195783,2023,0.0,20.89
ESG_195785,2023,0.86,0.77
ESG_195787,2023,0.31,6.28
ESG_195789,2023,0.0,3.22
ESG_195841,2023,1.1,0.71
ESG_195859,2023,,
ESG_195863,2023,3.37,0.78
ESG_195865,2023,0.0,1.04
ESG_195869,2023,0.0,0.17
ESG_195878,2023,0.58,3.03
ESG_195886,2023,0.21,0.3
ESG_195887,2023,0.0,0.01
ESG_195893,2023,0.22,0.14
ESG_195897,2023,0.15,1.74
ESG_195900,2023,0.0,0.64
ESG_195905,2023,6.7,11.14
ESG_195912,2023,0.0,0.37
ESG_195917,2023,0.76,0.82
ESG_195921,2023,0.0,4.0
ESG_195927,2023,0.0,0.38
ESG_195934,2023,,
ESG_195937,2023,0.59,9.25
ESG_195940,2023,5.28,0.7
ESG_195943,2023,0.51,3.07
ESG_195950,2023,2.04,2.6
ESG_195958,2023,7.08,3.08
ESG_196019,2023,2.29,19.25
ESG_196020,2023,18.97,1.12
ESG_196023,2023,0.0,0.22
ESG_196044,2023,1.79,0.61
ESG_196062,2023,7.13,2.27
ESG_196066,2023,23.55,4.67
ESG_196078,2023,2.97,0.94
ESG_196079,2023,8.15,8.36
ESG_196081,2023,0.2,0.53
ESG_196084,2023,13.13,0.56
ESG_196086,2023,0.0,0.02
ESG_196092,2023,0.0,0.74
ESG_196093,2023,0.24,13.88
ESG_196097,2023,0.53,6.69
ESG_196100,2023,0.0,7.65
ESG_196105,2023,0.0,0.45
ESG_196119,2023,6.48,12.98
ESG_196123,2023,3.5,11.86
ESG_196127,2023,9.2,3.57
ESG_196129,2023,1.33,1.79
ESG_196149,2023,27.97,19.51
ESG_196150,2023,2.08,8.43
ESG_196152,2023,0.39,0.13
ESG_196155,2023,4.74,35.57
ESG_196159,2023,2.89,0.74
ESG_196161,2023,0.39,0.25
ESG_196168,2023,0.13,4.24
ESG_196174,2023,5.7,0.39
ESG_196176,2023,32.46,7.69
ESG_196178,2023,3.81,3.58
ESG_196179,2023,0.54,1.81
ESG_196181,2023,1.12,0.46
ESG_196187,2023,0.0,2.84
ESG_196188,2023,0.0,0.48
ESG_196234,2023,1.21,15.84
ESG_196236,2023,0.0,0.29
ESG_196238,2023,0.0,9.57
ESG_196241,2023,0.0,0.14
ESG_196251,2023,0.39,0.3
ESG_196265,2023,0.0,0.02
ESG_196280,2023,0.0,0.16
ESG_196282,2023,0.03,0.11
ESG_196292,2023,0.0,0.36
ESG_196294,2023,1.62,0.11
ESG_196298,2023,1.57,1.65
ESG_196304,2023,2.48,0.33
ESG_196315,2023,1.49,4.52
ESG_196317,2023,0.14,0.17
ESG_196321,2023,0.35,0.4
ESG_196345,2023,0.14,0.03
ESG_196346,2023,6.51,0.63
ESG_196350,2023,5.51,1.2
ESG_196355,2023,0.0,0.25
ESG_196356,2023,0.88,0.84
ESG_196365,2023,0.32,0.18
ESG_196368,2023,0.0,1.04
ESG_196373,2023,0.43,0.07
ESG_196380,2023,0.0,0.4
ESG_196385,2023,0.65,1.88
ESG_196395,2023,0.49,10.96
ESG_196399,2023,2.11,5.9
ESG_196404,2023,1.95,1.36
ESG_196414,2023,0.0,1.19
ESG_196418,2023,0.0,0.53
ESG_196427,2023,0.44,2.57
ESG_196435,2023,0.75,2.35
ESG_196441,2023,5.01,0.74
ESG_197066,2023,0.0,0.02
ESG_197069,2023,9.55,6.44
ESG_197075,2023,0.0,0.01
ESG_197077,2023,1.52,2.6
ESG_197078,2023,0.95,0.05
ESG_197083,2023,0.0,0.61
ESG_197086,2023,0.0,0.0
ESG_197095,2023,0.96,0.98
ESG_197102,2023,0.0,0.06
ESG_197107,2023,2.86,0.08
ESG_197115,2023,0.0,0.08
ESG_197119,2023,0.39,0.24
ESG_197125,2023,1.84,0.56
ESG_197126,2023,0.0,28.01
ESG_197128,2023,0.0,0.0
ESG_197129,2023,0.25,0.02
ESG_197139,2023,0.0,0.04
ESG_197140,2023,0.0,4.85
ESG_197142,2023,7.15,0.41
ESG_197150,2023,0.0,0.0
ESG_197152,2023,0.0,0.24
ESG_197155,2023,0.61,0.3
ESG_197214,2023,5.11,0.34
ESG_197216,2023,0.73,0.56
ESG_197219,2023,0.0,6.6
ESG_197222,2023,0.51,13.55
ESG_197224,2023,0.86,0.38
ESG_197227,2023,0.37,0.15
ESG_197229,2023,0.65,0.1
ESG_197231,2023,0.0,0.27
ESG_197236,2023,0.0,0.95
ESG_197238,2023,0.0,0.15
ESG_197241,2023,0.96,0.48
ESG_197243,2023,2.5,19.34
ESG_197244,2023,0.0,2.46
ESG_197248,2023,0.0,0.24
ESG_197250,2023,0.65,0.08
ESG_197251,2023,0.0,0.02
ESG_197252,2023,0.1,0.17
ESG_197254,2023,0.74,0.24
ESG_197320,2023,,
ESG_197323,2023,1.19,0.84
ESG_197326,2023,0.0,5.27
ESG_197329,2023,0.0,0.54
ESG_197332,2023,0.0,1.24
ESG_197335,2023,4.4,1.84
ESG_197338,2023,0.0,1.74
ESG_197340,2023,0.75,3.02
ESG_197342,2023,1.01,0.11
ESG_197344,2023,0.0,0.12
ESG_197346,2023,0.56,37.47
ESG_197351,2023,0.0,0.53
ESG_197354,2023,0.54,0.6
ESG_197357,2023,,
ESG_197361,2023,2.82,4.02
ESG_197363,2023,1.77,1.27
ESG_197366,2023,0.0,0.87
ESG_197369,2023,0.0,0.08
ESG_197372,2023,0.27,0.09
ESG_197376,2023,3.27,10.06
ESG_197382,2023,0.0,0.04
ESG_197384,2023,0.0,0.03
ESG_197388,2023,3.86,4.14
ESG_197391,2023,0.0,0.01
ESG_197394,2023,0.88,0.72
ESG_197398,2023,1.12,0.86
ESG_197401,2023,,
ESG_197403,2023,4.44,1.94
ESG_197405,2023,0.62,0.24
ESG_197409,2023,5.31,0.27
ESG_197413,2023,9.74,1.23
ESG_197416,2023,0.0,0.09
ESG_197420,2023,2.46,3.72
ESG_197431,2023,0.0,2.62
ESG_197434,2023,6.74,7.79
ESG_197436,2023,0.0,0.65
ESG_197439,2023,0.0,0.14
ESG_197441,2023,0.0,0.13
ESG_197443,2023,0.56,1.32
ESG_197445,2023,10.26,2.26
ESG_197447,2023,16.92,2.86
ESG_197448,2023,0.0,0.51
ESG_197450,2023,0.0,0.4
ESG_197452,2023,11.25,6.0
ESG_197453,2023,5.26,1.03
ESG_197458,2023,3.54,0.93
ESG_197459,2023,0.0,0.54
ESG_197463,2023,3.9,0.71
ESG_197465,2023,0.44,0.61
ESG_197468,2023,1.71,1.18
ESG_197469,2023,0.0,0.24
ESG_197470,2023,0.0,0.07
ESG_197472,2023,0.0,19.8
ESG_197474,2023,0.0,0.39
ESG_197478,2023,1.82,29.49
ESG_197482,2023,9.71,40.96
ESG_197485,2023,4.11,7.8
ESG_197489,2023,0.0,0.21
ESG_197492,2023,0.0,0.34
ESG_197494,2023,0.19,0.28
ESG_197496,2023,0.0,0.26
ESG_197500,2023,1.42,0.4
ESG_197510,2023,0.0,0.11
ESG_197513,2023,2.73,0.54
ESG_197516,2023,0.0,0.61
ESG_197520,2023,14.95,3.15
ESG_197526,2023,4.01,3.53
ESG_197527,2023,0.0,0.32
ESG_197531,2023,0.0,0.0
ESG_197553,2023,0.0,0.01
ESG_197555,2023,1.7,0.51
ESG_197558,2023,0.0,0.51
ESG_197559,2023,0.76,0.01
ESG_197564,2023,0.0,15.54
ESG_197568,2023,6.15,8.52
ESG_197571,2023,,
ESG_197573,2023,0.0,0.32
ESG_197582,2023,2.22,2.57
ESG_197583,2023,0.0,4.23
ESG_197585,2023,0.47,4.31
ESG_197588,2023,0.0,0.35
ESG_197589,2023,0.0,0.03
ESG_197602,2023,0.0,0.16
ESG_197606,2023,4.77,23.39
ESG_197611,2023,9.9,2.75
ESG_197613,2023,0.0,21.02
ESG_197615,2023,6.76,9.89
ESG_197624,2023,0.48,1.22
ESG_197632,2023,0.0,0.51
ESG_197637,2023,0.0,1.42
ESG_197655,2023,0.0,0.01
ESG_197657,2023,,
ESG_197661,2023,21.95,6.18
ESG_197664,2023,,
ESG_197666,2023,3.31,0.46
ESG_197668,2023,0.0,5.35
ESG_197671,2023,11.29,33.57
ESG_197674,2023,0.65,4.15
ESG_197692,2023,8.8,4.02
ESG_197698,2023,8.53,5.39
ESG_197701,2023,1.6,1.11
ESG_197703,2023,0.0,0.32
ESG_197707,2023,13.24,5.64
ESG_197709,2023,0.78,8.23
ESG_197711,2023,0.0,5.25
ESG_197714,2023,13.59,3.98
ESG_197716,2023,9.35,0.79
ESG_197719,2023,9.15,2.68
ESG_197720,2023,28.14,3.81
ESG_197721,2023,8.97,3.69
ESG_197723,2023,0.0,0.25
ESG_197724,2023,5.66,2.38
ESG_197725,2023,1.84,0.83
ESG_197728,2023,10.29,1.55
ESG_197730,2023,0.0,4.09
ESG_197731,2023,0.0,1.06
ESG_197734,2023,65.16,41.12
ESG_197738,2023,0.0,1.11
ESG_197745,2023,9.55,4.73
ESG_197748,2023,14.08,9.93
ESG_197752,2023,2.52,0.32
ESG_197754,2023,0.0,0.04
ESG_197758,2023,0.0,2.09
ESG_197759,2023,2.99,0.95
ESG_197760,2023,0.0,0.01
ESG_197764,2023,6.35,4.73
ESG_197765,2023,1.91,4.55
ESG_197767,2023,0.0,0.02
ESG_197771,2023,2.17,1.55
ESG_197773,2023,0.0,0.52
ESG_197774,2023,1.36,0.12
ESG_197777,2023,0.0,0.43
ESG_197783,2023,0.0,0.53
ESG_197787,2023,0.0,23.44
ESG_197793,2023,0.19,1.0
ESG_197820,2023,0.0,0.28
ESG_197824,2023,0.36,0.06
ESG_197825,2023,0.0,0.23
ESG_197828,2023,0.0,0.47
ESG_197830,2023,19.05,3.86
ESG_197838,2023,3.15,1.41
ESG_197840,2023,8.55,2.8
ESG_197841,2023,0.78,1.47
ESG_197843,2023,2.6,2.51
ESG_197848,2023,2.34,1.08
ESG_197850,2023,2.36,0.26
ESG_197852,2023,,
ESG_197854,2023,,
ESG_197860,2023,,
ESG_197862,2023,2.54,3.21
ESG_197864,2023,0.0,0.23
ESG_197869,2023,0.0,38.04
ESG_197876,2023,0.0,0.17
ESG_197881,2023,0.0,0.37
ESG_197890,2023,0.0,0.37
ESG_197892,2023,0.0,0.08
ESG_197896,2023,1.55,0.11
ESG_197898,2023,0.0,0.1
ESG_197900,2023,0.0,0.49
ESG_197901,2023,18.0,8.77
ESG_197904,2023,0.0,0.16
ESG_197907,2023,0.3,0.07
ESG_197922,2023,0.47,0.13
ESG_197923,2023,1.79,0.93
ESG_197926,2023,0.48,0.11
ESG_197927,2023,0.93,0.61
ESG_197929,2023,0.0,1.01
ESG_197931,2023,0.0,0.15
ESG_197934,2023,1.27,0.31
ESG_197938,2023,2.68,0.89
ESG_197942,2023,14.45,18.81
ESG_197943,2023,0.0,0.09
ESG_197945,2023,28.94,5.21
ESG_197946,2023,4.15,1.16
ESG_197947,2023,15.84,8.09
ESG_197948,2023,22.28,5.77
ESG_197949,2023,10.4,7.6
ESG_197956,2023,20.25,12.45
ESG_197961,2023,2.56,0.08
ESG_197962,2023,8.88,6.77
ESG_197964,2023,2.18,2.13
ESG_197965,2023,0.0,0.01
ESG_197970,2023,0.72,1.31
ESG_197975,2023,,
ESG_197983,2023,0.0,0.06
ESG_197984,2023,0.0,3.15
ESG_197986,2023,0.0,0.28
ESG_197988,2023,0.0,0.33
ESG_197990,2023,0.0,40.77
ESG_197993,2023,0.0,6.79
ESG_197995,2023,0.0,3.62
ESG_197997,2023,0.28,0.52
ESG_198001,2023,0.13,0.01
ESG_198002,2023,7.23,2.79
ESG_198005,2023,0.42,0.69
ESG_198007,2023,0.0,0.0
ESG_198010,2023,3.91,0.42
ESG_198015,2023,0.2,0.1
ESG_198017,2023,0.0,2.95
ESG_198020,2023,0.0,6.25
ESG_198022,2023,7.47,2.9
ESG_198024,2023,0.0,1.6
ESG_198025,2023,0.0,0.15
ESG_198026,2023,14.69,41.2
ESG_198028,2023,0.0,0.17
ESG_198032,2023,1.24,0.75
ESG_198037,2023,0.0,0.0
ESG_198038,2023,8.82,0.9
ESG_198049,2023,0.96,0.08
ESG_198050,2023,0.0,0.01
ESG_198052,2023,1.67,0.09
ESG_198053,2023,8.24,39.93
ESG_198057,2023,0.0,0.18
ESG_198060,2023,0.0,0.22
ESG_198062,2023,0.65,0.02
ESG_198064,2023,0.21,0.02
ESG_198066,2023,0.0,0.19
ESG_198067,2023,0.65,0.2
ESG_198070,2023,0.0,0.21
ESG_198072,2023,12.34,12.73
ESG_198074,2023,12.54,42.32
ESG_198078,2023,2.27,0.4
ESG_198082,2023,21.38,35.66
ESG_198084,2023,27.68,5.33
ESG_198085,2023,15.53,4.53
ESG_198098,2023,,
ESG_198108,2023,0.68,0.99
ESG_198110,2023,0.0,0.32
ESG_198113,2023,0.54,0.3
ESG_198117,2023,0.0,5.97
ESG_198119,2023,0.0,0.21
ESG_198129,2023,0.0,4.01
ESG_198131,2023,7.86,18.95
ESG_198137,2023,0.0,0.18
ESG_198141,2023,2.01,2.12
ESG_198144,2023,4.53,1.11
ESG_198147,2023,0.0,1.35
ESG_198158,2023,1.35,0.97
ESG_198161,2023,0.61,4.81
ESG_198167,2023,3.18,1.06
ESG_198179,2023,0.0,0.86
ESG_198186,2023,1.48,1.92
ESG_198198,2023,1.75,0.51
ESG_198200,2023,14.93,6.51
ESG_198206,2023,1.65,3.09
ESG_198233,2023,8.21,3.58
ESG_198238,2023,5.7,2.88
ESG_198243,2023,1.9,26.61
ESG_198251,2023,5.76,0.82
ESG_198257,2023,1.88,0.86
ESG_198259,2023,1.78,0.72
ESG_198261,2023,3.67,0.72
ESG_201422,2023,0.29,0.23
ESG_201423,2023,0.55,0.32
ESG_201425,2023,0.0,0.24
ESG_201427,2023,0.0,0.73
ESG_201429,2023,2.37,0.29
ESG_201721,2023,2.76,10.8
ESG_201722,2023,1.49,7.69
ESG_201723,2023,0.09,6.28
ESG_201726,2023,0.49,0.98
ESG_201727,2023,3.93,5.36
ESG_230294,2023,0.0,0.35
ESG_230303,2023,0.0,0.38
ESG_230306,2023,0.0,4.68
ESG_230310,2023,0.0,0.08
ESG_230311,2023,0.0,1.5
ESG_230313,2023,0.0,0.07
ESG_230316,2023,0.0,0.18
ESG_230318,2023,0.0,0.26
ESG_230327,2023,0.0,0.35
ESG_230334,2023,0.0,1.45
ESG_230336,2023,0.0,0.67
ESG_230350,2023,0.0,5.42
ESG_230352,2023,0.0,0.06
ESG_230392,2023,1.18,0.56
ESG_230393,2023,0.0,0.73
ESG_230394,2023,0.0,0.07
ESG_230395,2023,0.0,0.13
ESG_230442,2023,0.0,1.21
ESG_230449,2023,12.32,15.03
ESG_230451,2023,0.0,0.01
ESG_230455,2023,0.0,0.01
ESG_230470,2023,10.38,5.12
ESG_230473,2023,0.0,0.11
ESG_230474,2023,0.0,0.31
ESG_230481,2023,0.39,1.23
ESG_230553,2023,4.23,0.51
ESG_231538,2023,5.98,0.67
ESG_231542,2023,4.0,1.15
ESG_231546,2023,0.27,0.03
ESG_231552,2023,0.0,0.19
ESG_231558,2023,1.33,0.69
ESG_231574,2023,0.84,0.63
ESG_231579,2023,4.42,0.6
ESG_231587,2023,0.0,0.03
ESG_231602,2023,2.92,13.36
ESG_231607,2023,12.62,1.24
ESG_231613,2023,0.0,0.2
ESG_231624,2023,13.33,7.47
ESG_231627,2023,0.0,0.03
ESG_4761,2023,1.22,0.69
ESG_4767,2023,43.13,51.09
ESG_1519,2023,5.31,26.09
ESG_1565,2023,,
ESG_1577,2023,0.41,20.46
ESG_1581,2023,16.42,33.75
ESG_1591,2023,9.05,47.55
ESG_1604,2023,3.25,12.64
ESG_1636,2023,0.42,1.82
ESG_1666,2023,10.05,25.35
ESG_1684,2023,1.97,17.3
ESG_1696,2023,4.64,6.3
ESG_1713,2023,0.84,0.28
ESG_1713,2023,0.84,0.28
ESG_1768,2023,6.46,60.34
ESG_1768,2023,6.46,60.34
ESG_1861,2023,4.71,7.15
ESG_1880,2023,0.91,9.92
ESG_1894,2023,0.99,0.16
ESG_1903,2023,12.28,43.6
ESG_1916,2023,7.72,26.88
ESG_1930,2023,27.39,47.22
ESG_1945,2023,6.15,24.24
ESG_1965,2023,3.9,26.63
ESG_2019,2023,2.71,5.63
ESG_2022,2023,4.29,2.59
ESG_2055,2023,0.22,0.11
ESG_2079,2023,0.69,0.35
ESG_2240,2023,7.17,11.46
ESG_2277,2023,8.14,7.46
ESG_2281,2023,0.41,8.62
ESG_2296,2023,1.09,12.3
ESG_2305,2023,0.09,1.11
ESG_2378,2023,14.56,12.61
ESG_2401,2023,0.66,0.2
ESG_2431,2023,17.82,28.84
ESG_2432,2023,0.89,0.63
ESG_2442,2023,10.52,35.45
ESG_2454,2023,0.02,0.01
ESG_2490,2023,0.0,24.46
ESG_2491,2023,17.29,24.8
ESG_2523,2023,,
ESG_2580,2023,0.04,0.26
ESG_2588,2023,0.93,14.33
ESG_2646,2023,0.08,0.05
ESG_2671,2023,4.55,22.28
ESG_2693,2023,3.37,8.71
ESG_2697,2023,0.04,0.01
ESG_2727,2023,6.74,37.16
ESG_2763,2023,,
ESG_2793,2023,3.27,33.83
ESG_2801,2023,2.74,18.53
ESG_2803,2023,1.37,0.36
ESG_2835,2023,11.73,19.52
ESG_2838,2023,,
ESG_2848,2023,5.39,13.13
ESG_2961,2023,0.0,0.2
ESG_7648,2023,44.85,52.3
ESG_8823,2023,5.74,20.14
ESG_83589,2023,11.4,26.11
ESG_83592,2023,0.0,0.24
ESG_83599,2023,7.83,26.31
ESG_83612,2023,27.38,44.2
ESG_83614,2023,24.96,80.03
ESG_83614,2023,24.96,80.03
ESG_83619,2023,20.62,32.49
ESG_83626,2023,27.66,58.18
ESG_83967,2023,7.12,29.55
ESG_84312,2023,0.0,0.19
ESG_84419,2023,1.52,2.08
ESG_84425,2023,0.77,0.2
ESG_84428,2023,0.47,0.12
ESG_84431,2023,0.48,0.06
ESG_84434,2023,2.0,0.39
ESG_92642,2023,0.26,0.07
ESG_84485,2023,0.35,0.27
ESG_84622,2023,8.0,1.25
ESG_100119,2023,17.18,17.43
ESG_100121,2023,0.23,0.83
ESG_100125,2023,0.0,0.03
ESG_100129,2023,0.0,0.19
ESG_100134,2023,8.02,1.42
ESG_100135,2023,,
ESG_100138,2023,,
ESG_100141,2023,14.62,36.74
ESG_100152,2023,1.84,1.79
ESG_100158,2023,0.0,0.22
ESG_100161,2023,0.14,1.42
ESG_100164,2023,0.0,9.11
ESG_100169,2023,0.0,0.06
ESG_100171,2023,4.64,2.65
ESG_100174,2023,0.96,0.04
ESG_100179,2023,0.0,0.6
ESG_100182,2023,0.02,0.01
ESG_100183,2023,0.51,0.45
ESG_100185,2023,10.14,14.14
ESG_100193,2023,3.21,1.29
ESG_100201,2023,1.23,0.33
ESG_100205,2023,4.12,6.35
ESG_100207,2023,46.42,19.7
ESG_100211,2023,0.34,0.69
ESG_100212,2023,0.0,28.5
ESG_100216,2023,6.83,2.89
ESG_100217,2023,4.23,20.87
ESG_100219,2023,0.23,1.99
ESG_100220,2023,0.2,0.09
ESG_100228,2023,0.0,0.83
ESG_100235,2023,0.32,0.29
ESG_100238,2023,1.41,1.29
ESG_100243,2023,1.76,0.75
ESG_100250,2023,0.31,0.43
ESG_100255,2023,0.03,0.1
ESG_100259,2023,6.78,26.51
ESG_100262,2023,0.0,0.35
ESG_100267,2023,3.39,0.3
ESG_100272,2023,3.84,2.82
ESG_100280,2023,0.7,0.32
ESG_100288,2023,0.0,0.34
ESG_100293,2023,,
ESG_100303,2023,35.03,17.59
ESG_100306,2023,0.0,0.29
ESG_100309,2023,1.76,0.61
ESG_100314,2023,2.32,0.61
ESG_100318,2023,0.34,1.04
ESG_100322,2023,2.6,1.92
ESG_100324,2023,0.15,0.05
ESG_100329,2023,0.23,0.43
ESG_100336,2023,0.0,1.81
ESG_100343,2023,0.25,1.52
ESG_100347,2023,1.97,6.1
ESG_100354,2023,2.51,19.66
ESG_100359,2023,0.27,3.57
ESG_100364,2023,0.0,1.86
ESG_100366,2023,7.98,3.39
ESG_100368,2023,0.0,27.26
ESG_100371,2023,,
ESG_100373,2023,0.26,0.2
ESG_100374,2023,0.31,1.72
ESG_100377,2023,0.0,0.01
ESG_100384,2023,,
ESG_100390,2023,0.09,3.95
ESG_100396,2023,3.49,3.79
ESG_100401,2023,0.17,2.24
ESG_100407,2023,3.63,1.54
ESG_100415,2023,0.0,0.63
ESG_100419,2023,6.29,1.88
ESG_100421,2023,3.68,30.54
ESG_100426,2023,2.87,0.39
ESG_100908,2023,3.47,18.54
ESG_101222,2023,0.75,0.36
ESG_101273,2023,0.0,0.07
ESG_102010,2023,0.0,0.03
ESG_102014,2023,66.67,59.68
ESG_102018,2023,0.0,0.0
ESG_102022,2023,0.0,0.0
ESG_102023,2023,0.0,5.95
ESG_102028,2023,5.34,4.97
ESG_102030,2023,0.21,0.3
ESG_102033,2023,0.0,0.32
ESG_102037,2023,0.69,5.08
ESG_102049,2023,2.49,0.18
ESG_102055,2023,1.89,1.48
ESG_102056,2023,7.44,22.6
ESG_102057,2023,0.23,0.22
ESG_102059,2023,13.81,1.55
ESG_102062,2023,1.26,0.31
ESG_102066,2023,2.81,1.29
ESG_102070,2023,0.0,0.41
ESG_102081,2023,3.9,15.84
ESG_102082,2023,3.64,7.23
ESG_102083,2023,0.42,0.57
ESG_102084,2023,0.0,0.03
ESG_102085,2023,0.25,0.33
ESG_102086,2023,2.39,5.48
ESG_102093,2023,,
ESG_102097,2023,1.94,5.7
ESG_102099,2023,,
ESG_102103,2023,0.47,4.93
ESG_102108,2023,0.0,2.58
ESG_102114,2023,0.96,1.75
ESG_102117,2023,0.0,0.12
ESG_102121,2023,0.0,1.17
ESG_102123,2023,0.0,31.4
ESG_102124,2023,0.0,7.28
ESG_102125,2023,9.47,13.42
ESG_102130,2023,0.0,17.19
ESG_102131,2023,0.0,24.77
ESG_102137,2023,12.44,7.09
ESG_102150,2023,0.0,0.06
ESG_102153,2023,1.18,0.32
ESG_102154,2023,2.15,38.05
ESG_102158,2023,0.0,0.3
ESG_102159,2023,7.14,1.87
ESG_102163,2023,0.36,3.33
ESG_102166,2023,13.74,1.14
ESG_102171,2023,0.0,0.0
ESG_102173,2023,0.0,16.06
ESG_102174,2023,1.28,0.65
ESG_102177,2023,0.0,0.28
ESG_102179,2023,0.0,0.59
ESG_102180,2023,0.82,0.23
ESG_102184,2023,,
ESG_102187,2023,0.0,0.55
ESG_102189,2023,1.69,0.3
ESG_102193,2023,0.29,0.35
ESG_102198,2023,0.0,0.0
ESG_102206,2023,0.0,0.21
ESG_102209,2023,1.95,1.38
ESG_102221,2023,2.67,6.19
ESG_105576,2023,0.0,6.27
ESG_105641,2023,4.61,2.48
ESG_105663,2023,23.17,50.89
ESG_105667,2023,38.17,58.64
ESG_105671,2023,1.95,27.48
ESG_105675,2023,0.0,0.0
ESG_105692,2023,4.79,4.49
ESG_105704,2023,0.96,36.3
ESG_105706,2023,0.0,13.16
ESG_105708,2023,0.81,17.01
ESG_105749,2023,2.65,0.85
ESG_105755,2023,0.34,1.83
ESG_105776,2023,0.0,0.28
ESG_105800,2023,0.0,40.83
ESG_106053,2023,0.0,1.69
ESG_106295,2023,0.0,0.0
ESG_106547,2023,0.0,0.43
ESG_107599,2023,0.0,9.35
ESG_107604,2023,1.33,2.98
ESG_107607,2023,24.65,59.95
ESG_107608,2023,10.22,25.09
ESG_107629,2023,1.63,34.12
ESG_107631,2023,27.57,41.52
ESG_107632,2023,23.88,24.24
ESG_107633,2023,3.02,35.53
ESG_107634,2023,3.59,10.43
ESG_107652,2023,,
ESG_107682,2023,92.23,63.17
ESG_107759,2023,20.59,24.72
ESG_107766,2023,7.14,9.16
ESG_107773,2023,0.0,0.53
ESG_107774,2023,10.65,15.43
ESG_107777,2023,0.0,1.78
ESG_107779,2023,0.0,0.0
ESG_107824,2023,3.54,12.56
ESG_107830,2023,15.24,29.89
ESG_107831,2023,30.73,19.75
ESG_107866,2023,2.26,1.15
ESG_107867,2023,0.0,8.44
ESG_107868,2023,13.12,27.83
ESG_107876,2023,0.0,0.28
ESG_107879,2023,,
ESG_107880,2023,,
ESG_107883,2023,0.69,18.08
ESG_107885,2023,7.28,1.59
ESG_107887,2023,10.27,28.81
ESG_107888,2023,0.0,0.96
ESG_107889,2023,11.67,21.92
ESG_107893,2023,0.0,0.52
ESG_107897,2023,22.14,16.53
ESG_107903,2023,0.0,0.04
ESG_107909,2023,4.12,1.3
ESG_107912,2023,8.39,2.17
ESG_107933,2023,1.24,0.29
ESG_107938,2023,0.31,0.41
ESG_107939,2023,0.0,0.08
ESG_107941,2023,0.0,0.14
ESG_107945,2023,0.0,0.53
ESG_107949,2023,0.46,2.08
ESG_107954,2023,0.0,1.86
ESG_107957,2023,0.0,0.78
ESG_107958,2023,0.0,0.88
ESG_107959,2023,2.02,3.16
ESG_107961,2023,2.46,30.75
ESG_107963,2023,0.54,18.18
ESG_107964,2023,0.0,25.36
ESG_107966,2023,0.54,8.25
ESG_107968,2023,0.0,0.48
ESG_107971,2023,0.0,0.98
ESG_107972,2023,0.0,1.15
ESG_107974,2023,11.76,1.91
ESG_107976,2023,0.27,0.1
ESG_107978,2023,0.0,0.25
ESG_107981,2023,1.41,1.74
ESG_107982,2023,0.0,2.31
ESG_107985,2023,11.79,19.22
ESG_107988,2023,2.41,0.21
ESG_107990,2023,8.81,8.77
ESG_107993,2023,0.0,1.88
ESG_107994,2023,7.27,1.05
ESG_107995,2023,0.0,0.93
ESG_108000,2023,0.0,3.35
ESG_108003,2023,0.0,0.03
ESG_108005,2023,0.0,3.71
ESG_108009,2023,6.54,10.41
ESG_108018,2023,4.82,24.09
ESG_108019,2023,10.05,7.62
ESG_108020,2023,0.0,0.04
ESG_108022,2023,0.0,0.25
ESG_108024,2023,,
ESG_108026,2023,0.0,1.31
ESG_108029,2023,0.0,0.0
ESG_108030,2023,0.69,0.12
ESG_108032,2023,0.0,0.04
ESG_108037,2023,2.57,1.35
ESG_108038,2023,0.0,2.06
ESG_108039,2023,0.38,0.97
ESG_108041,2023,0.0,0.21
ESG_108042,2023,6.75,6.99
ESG_108044,2023,1.94,0.69
ESG_108046,2023,0.0,1.8
ESG_108049,2023,0.64,0.3
ESG_108053,2023,1.22,0.3
ESG_108056,2023,10.06,10.64
ESG_108058,2023,0.0,0.05
ESG_108060,2023,12.61,9.61
ESG_108065,2023,0.0,6.14
ESG_108070,2023,,
ESG_108071,2023,42.36,59.49
ESG_108079,2023,,
ESG_108080,2023,0.52,18.61
ESG_108081,2023,,
ESG_108082,2023,,
ESG_108083,2023,0.0,0.18
ESG_108084,2023,6.74,5.66
ESG_108085,2023,15.44,5.03
ESG_108086,2023,3.9,0.82
ESG_108087,2023,0.0,0.0
ESG_108088,2023,0.0,33.37
ESG_108089,2023,0.0,0.19
ESG_108092,2023,0.0,7.72
ESG_108093,2023,2.56,1.81
ESG_108095,2023,0.43,1.78
ESG_108097,2023,2.96,27.49
ESG_108099,2023,0.28,4.3
ESG_108101,2023,0.0,0.0
ESG_108105,2023,0.0,0.53
ESG_108113,2023,0.0,0.13
ESG_108114,2023,0.0,0.72
ESG_108115,2023,0.0,0.02
ESG_108116,2023,0.0,0.53
ESG_108117,2023,0.0,0.55
ESG_108118,2023,12.28,6.22
ESG_108120,2023,0.0,0.61
ESG_108121,2023,1.77,5.01
ESG_108122,2023,13.11,4.54
ESG_108123,2023,27.34,50.78
ESG_108124,2023,0.74,17.58
ESG_108124,2023,0.74,17.58
ESG_108126,2023,0.33,7.23
ESG_108127,2023,0.0,1.04
ESG_108128,2023,0.85,34.57
ESG_108134,2023,1.91,5.21
ESG_108136,2023,3.52,8.09
ESG_108138,2023,10.82,7.07
ESG_108141,2023,0.0,0.18
ESG_108144,2023,0.0,0.19
ESG_108145,2023,0.0,0.82
ESG_108147,2023,2.22,14.84
ESG_108152,2023,,
ESG_108153,2023,0.87,12.79
ESG_108155,2023,0.0,11.61
ESG_108160,2023,1.02,38.42
ESG_108162,2023,2.19,1.35
ESG_108164,2023,0.0,36.69
ESG_108166,2023,2.27,0.31
ESG_108168,2023,0.0,0.35
ESG_108169,2023,0.0,0.42
ESG_108176,2023,0.0,3.13
ESG_108179,2023,0.0,6.36
ESG_108326,2023,3.17,0.75
ESG_108327,2023,0.0,0.99
ESG_108331,2023,1.92,2.37
ESG_108333,2023,0.0,0.05
ESG_108335,2023,96.62,97.86
ESG_108341,2023,1.71,1.51
ESG_108345,2023,6.93,1.21
ESG_108347,2023,2.79,5.41
ESG_108348,2023,6.43,30.64
ESG_108350,2023,0.0,2.37
ESG_108351,2023,1.55,1.98
ESG_108373,2023,0.0,0.0
ESG_108384,2023,1.56,0.91
ESG_108389,2023,,
ESG_108427,2023,0.0,16.64
ESG_108436,2023,0.12,0.5
ESG_108442,2023,0.19,0.93
ESG_108448,2023,0.83,0.35
ESG_108455,2023,0.0,0.11
ESG_108460,2023,0.45,7.82
ESG_108464,2023,,
ESG_108469,2023,29.57,27.79
ESG_108485,2023,5.84,30.21
ESG_108496,2023,0.0,0.03
ESG_108498,2023,0.0,0.38
ESG_108502,2023,30.62,44.75
ESG_108503,2023,11.93,23.57
ESG_108504,2023,,
ESG_108510,2023,0.62,16.25
ESG_108512,2023,0.9,0.09
ESG_108517,2023,0.66,0.05
ESG_108521,2023,0.0,0.72
ESG_108525,2023,0.0,0.45
ESG_108528,2023,0.0,4.86
ESG_108533,2023,0.0,0.02
ESG_108536,2023,0.0,1.58
ESG_108538,2023,0.0,0.0
ESG_108553,2023,1.33,0.27
ESG_108554,2023,0.43,0.2
ESG_108556,2023,6.48,0.49
ESG_108558,2023,0.0,0.0
ESG_108559,2023,0.3,0.02
ESG_108561,2023,0.0,0.82
ESG_108564,2023,1.89,0.67
ESG_108565,2023,0.0,0.28
ESG_108567,2023,0.0,0.68
ESG_108569,2023,4.2,3.43
ESG_108570,2023,0.25,0.74
ESG_108572,2023,0.0,0.0
ESG_108575,2023,0.0,0.06
ESG_108576,2023,0.14,2.19
ESG_108579,2023,0.0,0.01
ESG_108582,2023,0.0,0.1
ESG_108585,2023,0.0,0.01
ESG_108586,2023,0.0,0.14
ESG_108587,2023,0.0,0.13
ESG_108588,2023,0.0,1.33
ESG_108589,2023,0.0,0.69
ESG_108591,2023,,
ESG_108593,2023,0.0,0.04
ESG_108595,2023,0.25,0.58
ESG_108597,2023,0.0,0.03
ESG_108600,2023,1.86,0.15
ESG_108605,2023,0.0,0.01
ESG_108610,2023,0.0,0.15
ESG_108649,2023,0.0,0.05
ESG_108703,2023,0.0,0.34
ESG_108706,2023,0.0,0.17
ESG_108709,2023,0.0,0.01
ESG_108711,2023,1.35,1.02
ESG_108712,2023,0.0,12.06
ESG_108717,2023,4.04,5.98
ESG_108719,2023,0.0,0.0
ESG_108727,2023,0.0,7.93
ESG_108730,2023,3.32,26.79
ESG_108773,2023,3.55,4.54
ESG_108777,2023,0.0,0.14
ESG_108783,2023,0.47,26.86
ESG_108786,2023,0.34,0.84
ESG_108788,2023,0.0,0.1
ESG_108790,2023,6.4,16.95
ESG_108792,2023,,
ESG_108794,2023,0.55,0.16
ESG_108795,2023,0.0,0.71
ESG_108797,2023,0.0,0.23
ESG_108800,2023,0.48,11.76
ESG_108803,2023,11.62,2.2
ESG_108805,2023,1.76,0.11
ESG_108806,2023,0.0,1.76
ESG_108809,2023,3.03,4.06
ESG_108814,2023,12.43,2.47
ESG_108816,2023,9.15,1.94
ESG_108817,2023,17.52,20.27
ESG_108820,2023,0.94,0.21
ESG_108822,2023,4.2,3.9
ESG_108823,2023,23.17,5.46
ESG_108824,2023,1.93,0.71
ESG_108826,2023,2.01,0.14
ESG_108827,2023,0.0,0.51
ESG_108828,2023,1.47,0.57
ESG_108832,2023,0.0,0.28
ESG_108834,2023,0.0,1.19
ESG_108835,2023,0.37,0.09
ESG_108836,2023,0.0,0.27
ESG_108840,2023,0.52,0.35
ESG_108841,2023,0.0,0.29
ESG_108843,2023,0.0,0.0
ESG_108846,2023,0.0,0.24
ESG_108847,2023,0.0,0.0
ESG_108849,2023,0.13,0.01
ESG_108850,2023,0.74,0.17
ESG_108852,2023,4.04,0.24
ESG_108854,2023,0.0,0.0
ESG_108856,2023,1.87,0.61
ESG_108864,2023,2.78,3.33
ESG_108866,2023,0.93,0.73
ESG_108872,2023,0.0,0.02
ESG_108873,2023,0.0,0.04
ESG_108876,2023,0.05,13.03
ESG_108879,2023,5.1,27.44
ESG_108881,2023,0.06,0.13
ESG_108885,2023,2.06,1.53
ESG_108886,2023,0.0,0.0
ESG_108888,2023,4.48,18.32
ESG_108890,2023,0.39,0.59
ESG_108892,2023,0.1,0.01
ESG_108894,2023,0.0,0.02
ESG_108898,2023,0.0,0.0
ESG_108902,2023,9.7,1.79
ESG_108905,2023,1.65,0.44
ESG_108908,2023,0.0,0.09
ESG_108911,2023,1.07,2.41
ESG_108913,2023,0.0,0.71
ESG_108916,2023,1.15,1.93
ESG_108917,2023,2.61,1.49
ESG_108920,2023,3.96,1.52
ESG_108922,2023,21.58,16.49
ESG_108925,2023,2.27,0.54
ESG_108930,2023,0.0,1.44
ESG_108931,2023,0.69,1.12
ESG_108933,2023,0.0,0.0
ESG_108934,2023,0.0,0.42
ESG_108941,2023,,
ESG_108942,2023,0.0,0.95
ESG_108944,2023,9.97,7.06
ESG_108945,2023,2.46,0.84
ESG_108947,2023,0.0,3.02
ESG_108950,2023,,
ESG_108951,2023,0.0,0.24
ESG_108952,2023,0.0,0.17
ESG_108953,2023,0.0,3.26
ESG_108955,2023,,
ESG_108956,2023,0.0,0.0
ESG_108959,2023,0.0,2.05
ESG_108960,2023,0.0,1.25
ESG_108963,2023,0.0,11.52
ESG_108965,2023,16.73,19.18
ESG_108967,2023,0.0,0.0
ESG_108977,2023,0.39,4.66
ESG_108978,2023,0.62,0.18
ESG_108982,2023,0.28,30.17
ESG_108983,2023,0.18,0.02
ESG_108984,2023,0.0,0.47
ESG_108993,2023,0.0,1.14
ESG_109000,2023,0.0,0.14
ESG_109005,2023,0.0,0.03
ESG_109007,2023,0.0,0.02
ESG_109013,2023,0.0,0.07
ESG_109018,2023,0.0,0.44
ESG_109019,2023,,
ESG_109022,2023,1.37,0.19
ESG_109028,2023,0.94,1.66
ESG_109038,2023,0.0,0.0
ESG_109040,2023,0.0,0.14
ESG_109045,2023,0.0,0.11
ESG_109051,2023,0.0,0.04
ESG_109062,2023,0.53,0.27
ESG_109072,2023,0.0,0.08
ESG_109075,2023,0.0,0.19
ESG_109095,2023,0.06,0.02
ESG_109103,2023,,
ESG_109104,2023,,
ESG_109107,2023,0.0,0.05
ESG_109108,2023,2.32,7.46
ESG_109109,2023,0.0,0.57
ESG_109112,2023,1.97,3.06
ESG_109116,2023,0.0,0.44
ESG_109120,2023,4.55,31.67
ESG_109121,2023,0.0,0.07
ESG_109122,2023,0.0,0.03
ESG_109124,2023,0.0,1.44
ESG_109125,2023,0.0,0.18
ESG_109126,2023,0.0,1.01
ESG_109127,2023,0.69,0.26
ESG_109131,2023,0.0,0.25
ESG_109134,2023,1.73,1.45
ESG_109135,2023,2.44,37.67
ESG_109137,2023,0.0,0.01
ESG_109138,2023,5.88,8.96
ESG_109139,2023,0.0,0.02
ESG_109140,2023,0.0,0.69
ESG_109144,2023,0.0,0.01
ESG_109146,2023,0.0,0.01
ESG_109147,2023,0.0,0.0
ESG_109148,2023,0.48,8.32
ESG_109149,2023,0.0,0.54
ESG_109150,2023,1.11,0.62
ESG_109151,2023,0.0,3.67
ESG_109154,2023,0.0,0.0
ESG_109155,2023,0.14,0.22
ESG_109157,2023,0.0,0.63
ESG_109158,2023,0.5,2.18
ESG_109160,2023,0.0,0.18
ESG_109162,2023,0.0,0.02
ESG_109164,2023,0.27,0.15
ESG_109168,2023,0.33,0.07
ESG_109169,2023,21.8,12.98
ESG_109170,2023,2.94,0.3
ESG_109172,2023,9.7,11.08
ESG_109173,2023,0.0,0.1
ESG_109176,2023,0.0,0.1
ESG_109177,2023,0.0,0.11
ESG_109178,2023,3.58,5.32
ESG_109183,2023,1.08,0.11
ESG_109184,2023,2.23,1.29
ESG_109190,2023,21.48,20.57
ESG_109191,2023,,
ESG_109193,2023,3.96,5.43
ESG_109196,2023,0.0,0.09
ESG_109250,2023,11.25,4.82
ESG_109251,2023,1.9,0.63
ESG_109252,2023,0.0,3.0
ESG_109253,2023,6.81,1.62
ESG_109254,2023,0.42,1.13
ESG_109255,2023,0.0,1.07
ESG_109256,2023,0.0,0.51
ESG_109257,2023,1.3,6.39
ESG_109265,2023,0.61,0.64
ESG_109297,2023,13.77,48.36
ESG_109312,2023,0.0,0.01
ESG_109316,2023,0.3,0.13
ESG_109322,2023,0.26,0.16
ESG_109323,2023,0.0,4.0
ESG_109325,2023,8.75,7.6
ESG_109337,2023,0.0,0.0
ESG_109339,2023,0.0,0.99
ESG_109341,2023,0.3,0.05
ESG_109344,2023,0.57,9.96
ESG_109347,2023,1.89,0.51
ESG_109351,2023,3.96,0.59
ESG_109354,2023,0.0,0.04
ESG_109355,2023,2.09,0.6
ESG_109357,2023,10.8,35.59
ESG_109359,2023,0.0,11.26
ESG_109361,2023,4.43,0.24
ESG_109362,2023,0.0,0.38
ESG_109363,2023,0.0,0.9
ESG_109366,2023,2.33,0.31
ESG_109367,2023,0.0,6.24
ESG_109374,2023,1.14,0.46
ESG_109375,2023,0.48,2.41
ESG_109376,2023,0.0,2.73
ESG_109377,2023,0.0,1.29
ESG_109378,2023,8.75,25.16
ESG_109379,2023,5.03,2.92
ESG_109380,2023,2.68,14.58
ESG_109381,2023,0.0,0.04
ESG_109382,2023,0.0,0.07
ESG_109383,2023,1.46,1.36
ESG_109384,2023,14.29,1.91
ESG_109385,2023,0.0,0.01
ESG_109386,2023,0.13,0.13
ESG_109387,2023,5.81,0.35
ESG_109388,2023,1.09,0.36
ESG_109389,2023,0.0,0.04
ESG_109390,2023,0.0,0.09
ESG_109393,2023,5.02,2.9
ESG_109395,2023,0.0,1.4
ESG_109400,2023,0.47,1.54
ESG_109401,2023,0.0,0.24
ESG_109402,2023,0.0,0.64
ESG_109406,2023,2.88,19.09
ESG_109410,2023,4.4,1.51
ESG_109413,2023,16.46,10.65
ESG_109415,2023,0.37,0.1
ESG_109416,2023,0.0,0.0
ESG_109417,2023,0.0,0.18
ESG_109418,2023,0.0,0.37
ESG_109421,2023,0.0,0.31
ESG_109423,2023,0.0,0.49
ESG_109424,2023,0.0,0.56
ESG_109425,2023,0.38,1.01
ESG_109426,2023,7.14,1.65
ESG_109427,2023,1.81,0.2
ESG_109428,2023,0.45,13.71
ESG_109429,2023,0.68,8.69
ESG_109430,2023,0.0,0.33
ESG_109432,2023,0.62,0.91
ESG_109433,2023,0.78,14.89
ESG_109434,2023,0.52,0.07
ESG_109437,2023,0.0,0.01
ESG_109442,2023,7.54,37.72
ESG_109443,2023,3.97,40.56
ESG_109444,2023,11.01,1.34
ESG_109445,2023,0.62,0.22
ESG_109446,2023,0.52,1.57
ESG_109448,2023,0.56,7.59
ESG_109449,2023,21.0,21.14
ESG_109450,2023,0.0,0.0
ESG_109451,2023,0.0,0.09
ESG_109452,2023,5.63,2.51
ESG_109453,2023,0.0,0.0
ESG_109454,2023,3.65,0.29
ESG_109455,2023,0.0,0.36
ESG_109457,2023,1.51,0.58
ESG_109458,2023,0.0,0.01
ESG_109460,2023,0.0,0.75
ESG_109462,2023,0.0,0.0
ESG_109463,2023,0.0,0.0
ESG_109464,2023,0.0,2.04
ESG_109465,2023,,
ESG_109466,2023,4.56,0.47
ESG_109467,2023,4.01,0.39
ESG_109468,2023,0.0,0.0
ESG_109470,2023,0.0,0.92
ESG_109471,2023,4.08,0.45
ESG_109474,2023,2.27,37.94
ESG_109475,2023,0.0,0.0
ESG_109478,2023,5.36,2.41
ESG_109480,2023,0.0,2.68
ESG_109483,2023,0.06,0.01
ESG_109484,2023,0.11,0.87
ESG_109485,2023,2.95,0.54
ESG_109487,2023,0.0,0.92
ESG_109488,2023,0.56,0.94
ESG_109491,2023,14.02,3.24
ESG_109492,2023,5.54,31.21
ESG_109493,2023,1.08,1.59
ESG_109499,2023,0.24,0.69
ESG_109501,2023,0.59,0.42
ESG_109503,2023,4.36,3.05
ESG_109504,2023,2.37,1.2
ESG_109505,2023,0.0,0.49
ESG_109532,2023,4.97,5.47
ESG_109546,2023,11.5,2.19
ESG_109549,2023,,
ESG_109552,2023,0.0,0.05
ESG_109557,2023,0.0,0.24
ESG_109577,2023,28.42,5.25
ESG_109668,2023,0.0,0.0
ESG_109672,2023,0.93,6.62
ESG_109674,2023,0.0,0.0
ESG_109678,2023,6.46,9.14
ESG_109695,2023,0.0,0.0
ESG_109701,2023,0.0,0.01
ESG_109702,2023,0.0,0.0
ESG_109706,2023,0.0,0.02
ESG_109725,2023,0.0,0.0
ESG_109794,2023,0.33,0.07
ESG_111391,2023,0.0,0.01
ESG_111395,2023,4.14,1.13
ESG_111396,2023,0.0,0.05
ESG_111416,2023,0.0,0.0
ESG_111418,2023,0.0,0.21
ESG_111420,2023,0.0,0.2
ESG_111423,2023,0.0,0.0
ESG_111424,2023,0.0,0.19
ESG_111425,2023,0.0,0.15
ESG_111426,2023,0.0,0.0
ESG_111428,2023,0.0,0.0
ESG_111432,2023,0.0,3.53
ESG_111434,2023,0.0,0.0
ESG_111438,2023,0.0,0.0
ESG_111451,2023,0.0,0.01
ESG_111453,2023,0.0,0.0
ESG_111458,2023,0.0,0.0
ESG_111463,2023,0.45,0.57
ESG_111465,2023,13.31,45.99
ESG_111466,2023,0.0,1.89
ESG_111468,2023,0.0,0.11
ESG_111469,2023,0.0,0.37
ESG_111472,2023,0.0,0.05
ESG_111474,2023,4.65,12.89
ESG_111483,2023,1.19,24.61
ESG_111494,2023,0.0,0.09
ESG_111497,2023,0.0,0.0
ESG_111500,2023,0.0,2.99
ESG_111505,2023,0.0,0.0
ESG_111514,2023,0.0,0.0
ESG_111517,2023,0.0,5.78
ESG_111524,2023,0.0,0.0
ESG_111531,2023,0.0,0.0
ESG_127727,2023,0.09,0.08
ESG_131926,2023,,
ESG_153288,2023,,
ESG_153390,2023,,
ESG_153499,2023,,
ESG_154191,2023,,
ESG_154191,2023,,
ESG_154198,2023,,
ESG_154198,2023,,
ESG_164025,2023,,
ESG_164469,2023,,
ESG_165180,2023,,
ESG_168481,2023,,
ESG_169352,2023,,
ESG_111429,2023,,
ESG_111430,2023,,
ESG_111459,2023,,
ESG_111522,2023,,
ESG_111526,2023,,
ESG_111530,2023,,
ESG_111539,2023,,
